path.id,count.InDataset,count.InGenome,pvalue,Genes,PATHNAME
R-HSA-9006934,114,458,1.9943495944254753e-9,ANOS1;FRS3;BCAR1;ESR1;HNRNPM;FYN;LRIG1;EREG;RAP1A;FGF19;AREG;PTPN12;INSR;PTPRS;VEGFB;PRKCE;FURIN;LAMC1;THBS4;MAPKAPK2;ATP6V1D;PRKCA;PTPRJ;COL27A1;RPS6KA2;CTNND1;PAK2;CDK5;FLT3;ITPR2;PAK1;ESRP2;TNS3;NRP2;ADAM10;NCOR1;CRKL;PTPN6;ITGAV;MAPKAP1;PTK2;VAV2;FLT4;PDGFB;PRKCD;CAV1;DNM2;PTPN1;RALGDS;PXN;AKT1;FGFR2;SPRED2;ITGA2;NRP1;MAPKAPK3;WWP1;RPS6KA1;ESRP1;HSPB1;COL4A3;DNM3;NTRK2;EPS15L1;COL9A2;NRG3;AP2A2;CSK;VAV3;STAT6;ADAM12;FGFR3;ATP6V0A4;STAT3;PTPRU;BAIAP2;HPN;APH1A;GAB2;WWOX;ITCH;PRKCZ;ITPR1;NEDD4;NTRK3;ERBB2;PGR;TIAM1;PTK2B;COL4A2;PCSK6;ATP6V0D2;LAMA3;IGF1R;ERBB4;STAT1;LAMC2;SHB;FGF18;DOCK1;PGF;COL24A1;AKT2;GRB10;ATP6V1C2;LYN;FLT1;ATF1;CALM2;KLB;SH3GL1;LAMB1;COL5A1;RAPGEF1,Homo sapiens: Signaling by Receptor Tyrosine Kinases
R-HSA-556833,161,737,2.9805746643642834e-8,ARNTL;PIK3C2G;MAPKAPK2;CERS3;PLPP3;PNPLA7;NR1D1;CERS6;INPP4B;MCEE;CARM1;CERS2;ALDH3A2;CPT1A;ACSF3;CHPT1;PLAAT2;B3GALNT1;TM7SF2;MED26;LRP2;PLEKHA6;ABCC1;SELENOI;NR1H3;SGPP1;NUDT19;CERS1;OSBPL10;ANKRD1;ACOX3;PIP4K2A;GPAT3;PEX11A;STS;LIPH;STARD10;ACACB;GRHL1;SCD;AGT;CDS1;AKR1C2;ACOX1;GPD1L;ETNK2;PTDSS2;PPARD;AHRR;ACSF2;OSBPL1A;SMPD3;LSS;UGT1A9;LPCAT1;CYP8B1;RXRA;PRKAG2;FHL2;FADS1;GDPD3;MTMR12;MTMR7;AKR1C3;ALOX5AP;CYP46A1;PRKD1;TXNRD1;SPTLC3;EHHADH;CHD9;PLIN3;ARSG;HEXA;ELOVL5;CERK;PPARG;PTGES;NCOR1;DPEP2;ESYT3;SLC44A1;CRAT;SREBF1;ACBD5;AGPAT3;CAV1;ECHS1;NPAS2;ABCA1;PGS1;MED15;PIAS4;ACOX2;FA2H;CD36;MGLL;DGAT2;SBF2;CIDEC;ACSS3;PLA2G3;ACSBG1;HSD17B14;SGPL1;INPP4A;PLA2G6;UGCG;AKR1B1;CERS4;DHCR24;PIP5K1B;TNFAIP8L3;SGMS1;PPM1L;PITPNM2;MED16;KPNB1;ELOVL2;GPD2;MED24;CUBN;SLC27A2;SPTSSB;LPIN1;MED27;SLC25A1;INPP5D;FADS2;ACOXL;INPP5J;SEC24D;ABCB4;SUMF1;OSBPL7;LCLAT1;CYP4F2;ESYT2;PLA2G10;SLC22A5;PTGIS;PTGS1;ACACA;MBOAT1;VAC14;ABCC3;ACSL3;HAO2;CPNE7;PIK3C2B;MBTPS1;ACAD10;NCOR2;OSBPL2;SYNJ2;RORA;PLA2G4C;ABCB11;PLAAT3;TNFAIP8;GDPD5,Homo sapiens: Metabolism of lipids
R-HSA-383280,23,52,2.060516684114242e-7,RORA;RXRA;NCOR1;ESRRG;AR;ESR1;NR2F6;THRB;PPARD;NR4A3;NR6A1;RARG;HNF4A;NR0B2;NR5A2;NR1D1;PGR;RARA;ESR2;NR1H3;RORC;NCOR2;PPARG,Homo sapiens: Nuclear Receptor transcription pathway
R-HSA-382551,154,728,4.619907183836746e-7,SLC2A8;SLC4A2;SLC44A1;ASIC3;SLC9A9;SLC1A3;ABCA1;SLC2A1;ANKH;CAND1;MICU2;ATP7B;ATP8A2;ABCB8;RAB11A;LSR;TRPM5;ATP6V0A4;TRDN;ANO4;SLC2A9;ABCC11;ASIC2;PRKAR2B;SLC7A2;ANO7;AHCYL2;SLC5A11;ABCC3;SLC2A3;GNGT1;FXYD3;ABCG2;SLC4A5;SCARB1;AP2A2;ADCY9;CYGB;LETM1;LMF1;SLC35A1;ATP2C2;NR1H3;SGK3;SLC15A3;SLC22A5;ADD2;AQP3;HDLBP;APOC3;SLC22A15;PHB2;SLC50A1;SLC9A4;ABCC5;SLC7A8;LDLRAP1;ABCC1;ATP6V1D;SLC24A4;SLC16A7;TRPV4;SRI;BSG;PARL;SLC30A10;SLC20A2;CALM2;SLC4A10;SLC24A3;RUNX1;GNG7;ATP11A;SLC13A4;ABCC2;STEAP3;ABCB4;SLC47A2;SLC5A5;TF;GNG4;SLC13A2;SLC3A2;SLC28A1;SCNN1A;ATP1B1;SLC29A3;ATP9A;SLC12A4;SCNN1B;SLC7A5;SLC47A1;SLCO4A1;SLC45A3;TRPC7;ATP8B1;SLC16A2;AKAP1;SLC36A2;FXYD6;CAMK2D;GNB1;FURIN;SLC6A6;WWP1;CASQ2;SLC12A3;SLC22A4;SLC38A1;NCEH1;MBTPS1;SLC2A12;ADCY5;ABCA4;SLC43A2;HBA2;SLC26A9;ATP8B3;MB;SCNN1G;RNF185;ATP2A3;SLC14A2;SLC1A2;ATP8B2;OS9;ATP6V0D2;ABCG1;SLC1A5;SLC16A3;LIPC;ATP2B1;CUBN;CAMK2G;SLC1A1;CIDEC;GNB5;TRPM7;SLC2A10;PRKAR1B;PCSK6;WNK2;SLC9A1;TPCN2;ANO6;ATP6V1C2;FTH1;TSC22D3;ANO2;ANO1;SLCO3A1;ATP1A2;SLC9A8;NEDD4L,Homo sapiens: Transport of small molecules
R-HSA-194840,42,138,1.0993231574657373e-6,FGD2;CHN2;ITSN1;ARHGEF39;PREX1;ARHGEF3;MYO9B;DLC1;PLEKHG5;VAV2;ARAP1;RHOBTB1;TIAM1;STARD8;STARD13;ARHGAP29;RHOD;ARHGEF15;ARHGAP8;ARHGAP26;FGD3;TRIO;ARHGAP24;MCF2L;SRGAP1;ARHGAP35;ARHGEF18;ARHGEF10L;BCR;KALRN;ARHGAP10;ABR;ARHGEF10;ARHGEF26;RHOH;RHOU;FGD1;ARAP2;VAV3;ARHGEF4;ARHGEF38;SRGAP3,Homo sapiens: Rho GTPase cycle
R-HSA-373752,21,50,1.947116175452337e-6,PTK2;MYO10;DOCK1;SIAH1;TRPC7;PAK1;FYN;NTN4;UNC5A;AGAP2;TRIO;SLIT3;ROBO1;ABLIM2;EZR;DSCAM;UNC5B;UNC5C;SIAH2;NTN1;ABLIM1,Homo sapiens: Netrin-1 signaling
R-HSA-416482,28,80,3.3343835965650527e-6,ARHGEF4;ARHGEF26;VAV2;GNA12;GNGT1;ARHGEF18;ABR;ARHGEF38;ARHGEF10;PREX1;FGD2;ARHGEF39;GNB5;GNG7;PLEKHG5;FGD1;TIAM1;GNG4;ARHGEF3;MCF2L;FGD3;ARHGEF15;ARHGEF10L;VAV3;TRIO;ITSN1;KALRN;GNB1,Homo sapiens: G alpha (12/13) signalling events
R-HSA-5173105,35,112,4.288862224136156e-6,GALNT2;ADAMTS18;GALNT5;GALNT17;ST6GALNAC2;ST3GAL3;POMT2;GALNTL6;SBSPON;MUC5AC;SPON1;B4GALT6;POMK;THSD4;GALNT8;GALNT10;GALNT15;ADAMTS17;B3GNT6;ST3GAL1;B3GNT3;ADAMTS12;SEMA5B;GALNT14;ADAMTS16;ST3GAL4;ST6GALNAC4;GALNT16;ADAMTS13;GALNT7;LARGE1;MUC5B;ST3GAL2;GALNT18;ADAMTSL3,Homo sapiens: O-linked glycosylation
R-HSA-194138,33,107,1.0832656397834259e-5,PTK2;ITPR1;MAPKAP1;ITGAV;VAV3;PRKCA;FYN;BCAR1;AKT1;NRP2;CAV1;PRKCD;PAK2;VAV2;MAPKAPK3;SHB;PGF;NRP1;BAIAP2;PXN;PRKCZ;MAPKAPK2;FLT4;CTNND1;CALM2;FLT1;PAK1;HSPB1;ITPR2;DOCK1;AKT2;PTK2B;VEGFB,Homo sapiens: Signaling by VEGF
R-HSA-193648,22,59,1.145803067983407e-5,TIAM1;KALRN;ARHGEF3;PLEKHG5;ABR;VAV2;ARHGEF39;ARHGEF18;PREX1;FGD2;MCF2L;ARHGEF38;ARHGEF4;ARHGEF10;ARHGEF15;VAV3;ARHGEF26;FGD1;FGD3;TRIO;ARHGEF10L;ITSN1,Homo sapiens: NRAGE signals death through JNK
R-HSA-446728,29,91,1.8091319674623764e-5,CLDN9;PLEC;CLDN22;F11R;CDH17;CLDN18;LAMC2;SDK2;CTNND1;CLDN4;LAMA3;CLDN6;SDK1;DST;CADM1;CDH18;ITGB4;CDH4;MPP5;CLDN2;CDH12;NECTIN4;CADM2;PARD3;NECTIN2;PXN;CLDN14;ACTN1;CDH1,Homo sapiens: Cell junction organization
R-HSA-1630316,36,124,1.9732295370046113e-5,HS3ST5;GALNS;B4GALT1;HSPG2;ST3GAL1;CHST11;B3GNT3;CEMIP;VCAN;PAPSS2;HS6ST1;SLC9A1;CSPG4;CHST15;SDC4;ST3GAL3;HS3ST3B1;ST3GAL2;ST3GAL4;SDC2;GPC6;HEXA;B4GALT6;GPC1;UST;BCAN;SDC1;ABCC5;XYLT1;CHST12;HPSE2;HS3ST6;EXT1;CHSY1;CSGALNACT1;GUSB,Homo sapiens: Glycosaminoglycan metabolism
R-HSA-1430728,370,2107,2.4303271212296674e-5,ABCB11;ACAD8;MBOAT1;SLC2A3;CA12;ACSM5;NDUFAF6;SLC19A3;SULT2B1;TKT;FHL2;CYP2A7;PEX11A;PLA2G4C;GPC1;SERINC5;ACOXL;VAC14;CACNA1D;SLC44A1;PLCE1;B4GALT6;RNLS;COX10;LPIN1;MAOA;MGST2;GSTK1;ACSF2;ABCC1;COX7A2L;GALNS;UPB1;PLAAT3;ACBD5;ABCA1;TXNRD1;MGLL;SULT1C2;SDHB;MTMR7;TPK1;ECHS1;B4GALT1;CACNA1C;PPCDC;SPTSSB;EHHADH;CERK;CPT1A;UGT3A2;ITPKA;ITPK1;SYNJ2;NUP42;PAPSS2;PDPR;STARD10;INPP5D;SLC25A28;UGT1A10;PNPLA7;SLC25A21;ANKRD1;ACSF3;ABCG2;ST3GAL2;CSAD;LSS;CHD9;MED26;PRKD1;PRKAR1B;CACNA2D2;IPPK;PIK3C2G;PTGIS;SDC1;EEFSEC;PITPNM2;NR1H3;RAPGEF3;ELOVL5;AGT;SLC5A5;NNMT;ARNTL;MED15;CSPG4;GNA14;GNB5;UGT3A1;AGPAT3;CERS3;PLCD3;PARP4;GPAT3;ENTPD8;GNG4;TM7SF2;LRPPRC;CYGB;PIP4K2A;IDH1;CHPT1;CHSY1;FECH;CERS1;PLAAT2;MARCKS;PODXL2;MPST;ACACB;ALDOA;ST3GAL3;INPP5J;RRM2;AKT1;PRKCA;SMPD3;CERS2;PGS1;APRT;ABCC3;UGDH;GUSB;NOSIP;PPM1L;PPARG;CA14;HS6ST1;HK1;GAMT;SDC4;INPP5A;MARC2;ITPR2;CDS1;GCK;CRAT;SLC2A1;ITPR1;APOC3;GNGT1;UGCG;HAO2;PIK3C2B;CERS6;MAPKAPK2;POR;BLVRB;XYLT1;ALDH3A2;LIPH;NUDT18;RTEL1;NDUFA11;CHST12;ADHFE1;TAT;IQGAP1;BSG;AOX1;SEC24D;ABCC8;PLA2G10;EXT1;SPTLC3;SUMF1;AHCY;HS3ST5;CDA;IMPA2;GRHL1;CA9;PLA2G6;BTD;VCAN;TSTD1;MTMR12;MCEE;ACAD10;GDPD5;ACOX3;SGPP1;PDK4;PLCD1;ST3GAL1;CHST15;IVD;MARC1;ESYT3;HPSE2;G6PD;UGT1A8;SLC25A13;HSD17B14;CPNE7;B3GALNT1;OSBPL1A;AGXT;PIAS4;DMAC2L;RAP1A;QDPR;SLC9A1;ABCC5;ACSS3;FMO1;SLC19A1;ADSSL1;HK2;NR1D1;PRKAG2;NPAS2;HAAO;CAV1;UGT1A7;UROC1;PLCB4;CYP46A1;GSR;PTDSS2;CA5A;LPCAT1;ADCY5;PPARD;PTGES;SLC22A5;PLPP3;SLC27A2;KYNU;FA2H;ETNK2;OSBPL7;SGPL1;ELOVL2;ACACA;RXRA;SELENOI;CEMIP;PLA2G3;CYP4F2;NADSYN1;CUBN;ESYT2;NUDT19;NMNAT2;GPC6;KCNC2;TK2;CALM2;UGT1A9;SLC16A3;ADIPOR2;PUDP;INPP4B;HSPG2;CERS4;CYP26A1;MARS;ME3;STX1A;SULT1A3;AKR1C3;B3GALT5;CHST11;IMPDH1;FADS1;SARS;STS;DHCR24;TNFAIP8;GPHN;ENTPD3;KYAT1;MED24;LCLAT1;ITPKB;GSTP1;GNB1;NT5C2;MBTPS1;HS3ST3B1;NCOR1;TNFAIP8L3;NUDT3;GPD2;CMBL;SGMS1;ENPP1;LHPP;CYP26C1;PTGS1;PLIN3;GNG7;ACOX1;CD36;TXN;BCO1;MAT1A;BLVRA;HS3ST6;CIDEC;SBF2;FADS2;ACSBG1;PLEKHA6;OSBPL10;CYP8B1;MED16;BCAN;RPS3;AKR1B1;AHRR;ALOX5AP;RORA;AKR1C2;IP6K3;PRKAR2B;DNM2;DPEP2;OSBPL2;SLC37A1;PIP5K1B;FUT5;SLC3A2;SMS;PKM;UBIAD1;PARP9;ADCY9;GSTZ1;GPD1L;SLC7A5;SCD;KPNB1;ABCB4;ACSL3;ARSG;ACOX2;SLC25A1;HEXA;IDH2;MED27;PYGL;ENOPH1;NCOR2;DGAT2;GDPD3;ETFA;NMNAT1;NADK;UGT1A6;NQO1;UST;SREBF1;SDC2;LRP2;INPP4A;ACSS1;B3GNT3;CSGALNACT1;ST3GAL4;CARM1;CTPS2;CYP3A43;CARNS1;FAHD1;RPEL1,Homo sapiens: Metabolism
R-HSA-421270,22,64,4.9630283808307175e-5,CLDN14;CDH18;NECTIN2;CLDN2;CLDN18;CDH12;CTNND1;CLDN22;NECTIN4;F11R;SDK1;CADM2;CLDN4;MPP5;SDK2;CDH4;PARD3;CLDN9;CDH1;CLDN6;CDH17;CADM1,Homo sapiens: Cell-cell junction organization
R-HSA-913709,22,64,4.9630283808307175e-5,B4GALT6;GALNT15;GALNT2;ST6GALNAC2;ST6GALNAC4;B3GNT3;ST3GAL3;GALNT18;GALNT16;GALNT14;MUC5AC;GALNT8;B3GNT6;GALNT7;GALNT10;ST3GAL1;MUC5B;GALNTL6;GALNT17;ST3GAL4;ST3GAL2;GALNT5,Homo sapiens: O-linked glycosylation of mucins
R-HSA-1500931,36,129,4.9886510436748516e-5,CDH12;ACTN1;PTK2B;CLDN4;PARD3;NECTIN4;CLDN2;CLDN9;DST;ACTN4;SDK2;CDH4;CDH18;CLDN22;PLEC;CDH1;PTK2;LAMC2;ITGB4;PXN;SPTBN1;NECTIN2;CADM2;SDK1;PTPN6;CTNND1;CDH17;FYN;CLDN18;CADM1;LAMA3;CLDN6;IQGAP1;CLDN14;MPP5;F11R,Homo sapiens: Cell-Cell communication
R-HSA-6794362,27,87,5.824822947431172e-5,SYT12;IL1RAPL2;NRXN2;PPFIBP1;STX1A;IL1RAP;DLG2;PPFIA4;PPFIBP2;DLGAP1;PDLIM5;NTRK3;EPB41L5;SIPA1L1;EPB41L1;HOMER2;LRFN2;GRIN1;LRRTM4;LRFN3;SYT1;PTPRS;NRXN1;PTPRF;NRXN3;SHANK2;DBNL,Homo sapiens: Protein-protein interactions at synapses
R-HSA-422356,25,78,5.9768844160723624e-5,GNA14;ABCC8;CACNA1C;STX1A;ADCY5;RAP1A;GNGT1;PRKAR2B;GNG4;IQGAP1;CACNA1D;ITPR2;PRKAR1B;MARCKS;GNB1;CACNA2D2;PRKCA;ITPR1;SLC2A1;GNB5;RAPGEF3;GNG7;ACSL3;CD36;KCNC2,Homo sapiens: Regulation of insulin secretion
R-HSA-2682334,28,92,6.321436633788821e-5,LYN;CLTCL1;ARPC1B;SDC2;PTK2;GRIN1;EFNA1;EPHA6;EPHA2;MYH9;CLTB;VAV2;APH1A;ITSN1;PAK2;LIMK1;EFNA5;VAV3;AP2A2;TIAM1;PAK1;FYN;EPHA1;EPHB3;EPHB4;KALRN;ADAM10;ARHGEF28,Homo sapiens: EPH-Ephrin signaling
R-HSA-425407,59,251,7.853847870237865e-5,SLC45A3;SLC47A1;RUNX1;SLC5A5;SLC2A8;SLC13A4;SLC9A4;AHCYL2;SLC4A5;SLC13A2;SLC4A2;SLC29A3;BSG;SLC2A12;SLC22A15;SLC47A2;SLC26A9;SLC15A3;SLC7A8;SLC43A2;SLC9A9;SLCO4A1;SLC22A4;SLC4A10;SLC24A3;SLCO3A1;SLC2A1;SLC30A10;SLC44A1;SLC35A1;SRI;SLC1A3;SLC22A5;SLC7A2;SLC50A1;SLC36A2;CALM2;SLC12A4;SLC2A10;SLC28A1;SLC7A5;SLC16A2;SLC1A5;SLC1A2;SLC5A11;SLC16A7;SLC14A2;SLC38A1;SLC24A4;SLC2A9;SLC20A2;SLC2A3;SLC12A3;SLC1A1;SLC16A3;SLC9A8;SLC6A6;SLC9A1;SLC3A2,Homo sapiens: SLC-mediated transmembrane transport
R-HSA-109582,124,620,8.016732169032009e-5,S100A10;ITGB2;DGKD;P2RX4;SLC7A5;TNFRSF10D;CAPZB;VAV3;PTK2;AKT1;PTPN1;QSOX1;RAD51C;DOCK5;CFD;TAGLN2;ARRB2;ITPR2;CD58;F5;P2RX2;SERPINA5;AKAP1;ITGAV;DAGLA;KIF26A;RAPGEF3;SRI;BSG;GNB1;INPP5D;TF;SDC1;GNG4;DOCK6;ITPR1;F11R;CSK;P2RX7;MERTK;KIF3C;DOCK1;CAV1;PRKCH;LHFPL2;RAP1A;KIF13B;KIF26B;CALM2;TUBA1C;PDE2A;ITPK1;ATP2A3;GATA4;PSG9;PTPN6;HDAC1;PRKAR1B;CD9;ARRB1;GNA12;CEACAM6;ACTN4;GPC1;VEGFB;GRB14;FYN;SDC4;SERPINA3;KLC1;ACTN1;ATP1B1;VAV2;SERPINA1;F7;F13A1;RCOR1;GNB5;SLC7A8;SPP2;NOS2;RAD51B;SLC3A2;SLC16A3;ANXA2;DOCK4;CABLES1;PDGFB;ITGA2;KCNMA1;GNGT1;GNA14;DOCK8;ALDOA;CD63;SDC2;ABHD12;CLU;BCAR1;PRKCD;PRKCE;YWHAZ;F8;EHD1;PRKAR2B;KIFAP3;KIF16B;FAM49B;CDK5;PPP2R5E;TGFB2;FAM3C;LYN;ATP2B1;MYB;PRKCZ;CD36;TRPC7;MAFK;PRKCA;MAG;MGLL;CXADR;GNG7,Homo sapiens: Hemostasis
R-HSA-1474244,68,301,8.78157399415503e-5,ITGAV;SPOCK3;SDC1;PLOD2;FBLN1;ITGA2;LOXL1;ADAM10;LAMC2;COL5A1;ITGA9;ITGB4;COL18A1;ADAM12;COL4A3;ADAMTS18;LAMC1;BMP4;COL21A1;ADAM8;ACTN1;ITGB5;CTSD;ITGAE;COL24A1;LAMB1;SH3PXD2A;COL28A1;SDC4;CAPN13;CAPN11;ITGB6;FBLN5;CAPNS1;PDGFB;LOXL4;MMP17;CDH1;LAMA3;COL4A2;F11R;FURIN;VCAN;NRXN1;COL23A1;PRKCA;CAPN8;BCAN;CEACAM6;BSG;ADAMTS16;PXDN;COL9A2;PTPRS;TNR;DST;SDC2;COL27A1;CAPN2;HSPG2;PLEC;CAPN9;ELANE;NCAM1;NTN4;TGFB2;LTBP1;ITGB2,Homo sapiens: Extracellular matrix organization
R-HSA-112316,88,413,8.856189077183816e-5,GRIK2;EPB41L5;KCNK6;SYT12;RPS6KA1;TUBA1C;DLGAP1;CACNA2D2;PRKAR2B;ABAT;GNAL;NTRK3;GRIK4;RPS6KA2;PTPRF;AP2A2;ERBB4;CAMK2G;KCNC1;CAMK2D;KCND3;SHANK2;IL1RAP;SYN3;KCNC2;KCNJ6;NRXN1;SLC1A3;GNB1;GNG4;SYN2;MAOA;IL1RAPL2;PRKAR1B;GNGT1;KCNH7;KCND2;NRXN3;CACFD1;HCN2;RPS6KA6;PPFIA4;KCNMA1;SLC1A2;MAPT;LRFN2;PRKAG2;SIPA1L1;EPB41L1;ABCC8;PTPRS;GNB5;KCNJ10;KCNQ5;CACNA2D3;PPFIBP2;SLC38A1;MDM2;PRKCA;KCNH1;ADCY5;GRIK5;KCNK3;KCNA2;CALM2;KCNQ1;GRIN1;SLC1A1;KCNAB1;ADCY9;PDLIM5;LRFN3;SYT1;LRRTM4;GNG7;DBNL;DLG2;PPFIBP1;KCNN4;CHRNA2;GABBR2;KCNAB2;NRXN2;HOMER2;GRIK3;PRKAA1;KCNH5;STX1A,Homo sapiens: Neuronal System
R-HSA-163685,31,108,9.075167933703962e-5,PRKAG2;ITPR1;STX1A;GNB5;CACNA2D2;ADCY9;ITPR2;CACNA1D;PRKAR2B;RAP1A;RAPGEF3;ACACA;CACNA1C;TKT;GNB1;ADIPOR2;GNG4;GNG7;MARCKS;PRKCA;ABCC8;ACACB;KCNC2;PRKAR1B;CD36;ACSL3;GNA14;IQGAP1;GNGT1;SLC2A1;ADCY5,Homo sapiens: Integration of energy metabolism
R-HSA-1483249,18,50,1.1931226539067111e-4,IPPK;ITPKB;IP6K3;MTMR7;CALM2;INPP4B;NUDT3;ITPKA;IMPA2;PLCD3;ITPK1;PLCE1;PLCD1;PLCB4;INPP5D;INPP5J;INPP5A;INPP4A,Homo sapiens: Inositol phosphate metabolism
R-HSA-111465,15,38,1.3184197163719957e-4,STK24;PRKCD;DSP;TJP2;PLEC;ACIN1;DBNL;PKP1;CASP7;TJP1;MAPT;CDH1;GSN;PTK2;LMNA,Homo sapiens: Apoptotic cleavage of cellular proteins
R-HSA-3000171,20,59,1.339563099129342e-4,SDC1;NRXN1;ITGB4;LAMC1;SDC2;NTN4;ITGAV;COL5A1;ITGA2;PRKCA;ITGB5;LAMB1;HSPG2;ACTN1;LAMA3;SDC4;COL4A3;PDGFB;LAMC2;COL4A2,Homo sapiens: Non-integrin membrane-ECM interactions
R-HSA-425393,30,108,2.2119155964992436e-4,SLC5A5;SLC15A3;SLC24A3;SLC9A9;SLC7A8;SLC1A1;SLC9A4;SLC9A1;SLC20A2;SLC43A2;SRI;SLC12A4;SLC38A1;SLC4A5;SLC1A2;SLC1A3;SLC7A2;SLC9A8;CALM2;SLC12A3;SLC24A4;AHCYL2;SLC4A10;SLC3A2;SLC36A2;SLC4A2;SLC6A6;SLC7A5;SLC1A5;SLC26A9,Homo sapiens: Transport of inorganic cations/anions and amino acids/oligopeptides
R-HSA-204998,23,76,3.0101541923677764e-4,PREX1;ARHGEF18;FGD3;FGD2;ARHGEF38;ARHGEF39;TRIO;ARHGEF10L;VAV3;KALRN;ARHGEF3;PLEKHG5;MCF2L;VAV2;FGD1;ARHGEF26;ABR;ITSN1;ARHGEF4;TIAM1;APH1A;ARHGEF15;ARHGEF10,"Homo sapiens: Cell death signalling via NRAGE, NRIF and NADE"
R-HSA-3560782,15,41,3.5309416554563653e-4,EXT1;BCAN;HEXA;PAPSS2;CHSY1;GPC6;SDC1;CSPG4;ST3GAL3;VCAN;SDC2;SDC4;HSPG2;B4GALT1;GPC1,Homo sapiens: Diseases associated with glycosaminoglycan metabolism
R-HSA-9009391,23,77,3.713446508243033e-4,PRKCZ;BCL2;PTK2;AREG;CCND1;IGF1R;AKT1;GNG4;ESR2;GNB1;CAV1;EREG;GNG7;FOXO3;ZDHHC7;AKT2;FOS;CAV2;GNGT1;HSPB1;ESR1;GNB5;CALM2,Homo sapiens: Non-genomic estrogen signaling
R-HSA-1793185,17,50,4.0056463108880985e-4,CHSY1;VCAN;SDC4;CSPG4;HSPG2;CHST12;XYLT1;CHST11;GPC1;GPC6;CHST15;SDC1;HEXA;BCAN;UST;CSGALNACT1;SDC2,Homo sapiens: Chondroitin sulfate/dermatan sulfate metabolism
R-HSA-1989781,31,117,4.353473307722756e-4,MED15;SREBF1;PEX11A;AGT;ARNTL;CD36;CPT1A;NCOR1;MED24;CARM1;GRHL1;CHD9;FHL2;NPAS2;ABCA1;MED27;FADS1;TXNRD1;RXRA;UGT1A9;NCOR2;ACOX1;ANKRD1;AHRR;ABCB4;PPARG;RORA;MED26;NR1D1;NR1H3;MED16,Homo sapiens: PPARA activates gene expression
R-HSA-76002,58,262,4.7411044776821533e-4,CLU;PDGFB;ITPR1;VEGFB;BCAR1;PRKCE;SERPINA3;TAGLN2;ARRB2;SPP2;DGKD;FAM3C;PRKCZ;ITPR2;TRPC7;CD9;RAPGEF3;CFD;PRKCH;ABHD12;F8;F5;TGFB2;GNGT1;ACTN4;PRKCA;GNG4;QSOX1;PTPN1;FYN;VAV3;GNA14;GNG7;GNB5;ALDOA;GNB1;MGLL;LHFPL2;CSK;PTPN6;SERPINA1;GNA12;PRKCD;VAV2;CD63;PTK2;RAP1A;YWHAZ;TF;ARRB1;LYN;CALM2;ACTN1;AKT1;FAM49B;DAGLA;CD36;F13A1,"Homo sapiens: Platelet activation, signaling and aggregation"
R-HSA-983712,44,186,5.088706566312432e-4,TRPM5;ASIC3;ATP6V1D;WWP1;ATP1B1;SGK3;ATP8B2;TRPV4;ATP1A2;SCNN1A;ATP9A;ANO6;TRDN;ATP11A;ANO2;ANO7;CASQ2;FXYD3;CALM2;CAMK2D;SCNN1G;ATP6V0D2;WNK2;ATP6V0A4;ANO4;ANO1;TRPM7;ASIC2;CAMK2G;FXYD6;ATP6V1C2;TPCN2;NEDD4L;ATP8B3;ATP7B;ATP2A3;ATP2C2;ATP8B1;ATP2B1;TSC22D3;TRPC7;SRI;SCNN1B;ATP8A2,Homo sapiens: Ion channel transport
R-HSA-3928665,17,51,5.209804111838026e-4,ADAM10;TIAM1;LYN;EFNA5;EFNA1;EPHB3;CLTCL1;CLTB;AP2A2;VAV2;EPHB4;VAV3;EPHA6;APH1A;FYN;EPHA2;EPHA1,Homo sapiens: EPH-ephrin mediated repulsion of cells
R-HSA-4090294,12,30,5.325363005787723e-4,NR5A2;NR1H3;PGR;THRB;PPARG;HDAC4;ESR1;RORA;RARA;AR;PIAS4;RXRA,Homo sapiens: SUMOylation of intracellular receptors
R-HSA-428157,25,89,5.921168842327875e-4,CERS3;CERS1;ALDH3A2;FA2H;STS;PPM1L;B3GALNT1;ESYT3;CERS2;SMPD3;PRKD1;PLPP3;SPTSSB;SUMF1;HEXA;CERS4;SPTLC3;ESYT2;SGMS1;CERK;ARSG;UGCG;SGPP1;CERS6;SGPL1,Homo sapiens: Sphingolipid metabolism
R-HSA-397014,48,209,5.94954072119563e-4,LMOD1;TNNT2;SRI;CACNA1C;TMOD2;MYBPC1;CACNA2D2;NEB;ATP2A3;CACNA2D3;DYSF;CACNA2D4;CALM2;SCN1B;CACNA1D;ATP1A2;HIPK2;ITPR2;CASQ2;KCND3;MYLK;KCNK5;FXYD6;KCNQ1;CACNG1;KCNK3;CAMK2G;TPM3;HIPK1;KCND2;ANXA2;FXYD3;CACNG6;KCNK6;CAMK2D;ATP1B1;PXN;TRDN;PAK1;KCNIP4;ITGB5;CACNA1S;ITPR1;TPM4;GATA4;ANXA6;PAK2;ATP2B1,Homo sapiens: Muscle contraction
R-HSA-400206,31,119,5.958607018140612e-4,NCOR2;FHL2;AGT;RORA;NR1H3;NR1D1;PPARG;CHD9;CD36;MED27;TXNRD1;RXRA;ABCA1;NPAS2;ARNTL;ANKRD1;UGT1A9;SREBF1;ACOX1;FADS1;MED16;MED15;CPT1A;PEX11A;MED24;AHRR;NCOR1;CARM1;MED26;GRHL1;ABCB4,Homo sapiens: Regulation of lipid metabolism by Peroxisome proliferator-activated receptor alpha (PPARalpha)
R-HSA-4420097,27,99,6.080589633713126e-4,PRKCD;ITPR2;AKT1;ITGAV;PXN;CAV1;AKT2;MAPKAPK2;VAV3;PAK2;PTK2;CTNND1;VAV2;BAIAP2;HSPB1;MAPKAPK3;PRKCA;BCAR1;PRKCZ;MAPKAP1;PTK2B;CALM2;ITPR1;PAK1;FYN;DOCK1;SHB,Homo sapiens: VEGFA-VEGFR2 Pathway
R-HSA-400253,21,70,6.145213088184915e-4,RAI1;NR1D1;NRIP1;NPAS2;CRY1;ARNTL;MEF2D;HIF1A;BHLHE40;F7;RORA;NFIL3;CHD9;RXRA;CPT1A;CSNK1D;CARM1;CRTC3;CRTC1;NCOR1;SREBF1,Homo sapiens: Circadian Clock
R-HSA-1660661,15,43,6.354714847374775e-4,PLPP3;ALDH3A2;CERS1;CERS3;PPM1L;SPTLC3;CERS2;SPTSSB;SGPP1;FA2H;CERS4;PRKD1;SGPL1;CERS6;SGMS1,Homo sapiens: Sphingolipid de novo biosynthesis
R-HSA-75153,17,52,6.712261232920847e-4,STK24;PAK2;MAPT;TJP1;PLEC;ACIN1;DSP;GSN;TJP2;PTK2;PKP1;KPNB1;DBNL;CASP7;PRKCD;CDH1;LMNA,Homo sapiens: Apoptotic execution phase
R-HSA-9006931,58,266,7.034855643487098e-4,AKR1C3;GNB1;KANK1;PRKCZ;TLE3;RXRA;CAV2;RDH5;MYB;PPARD;CCND1;EREG;CARM1;RUNX1;AXIN1;USF2;HSPB1;CYP26A1;ESR1;IGF1R;PPP5C;STAG1;HDAC1;FOXO3;AREG;GNG7;PGR;FKBP4;NR5A2;CAV1;PTK2;AKT1;AGO2;KDM4B;CYP26C1;GNGT1;CPT1A;BCL2;ZDHHC7;TFF3;CTSD;CXXC5;ERBB4;GREB1;GNG4;FOS;GNB5;ALDH1A3;FOXA1;AKT2;RARA;NRIP1;ESR2;PDK4;CALM2;TFF1;RARG;DHRS3,Homo sapiens: Signaling by Nuclear Receptors
R-HSA-936837,18,57,7.525596802340317e-4,ATP1A2;ATP2A3;ATP11A;CAMK2D;ATP7B;ATP8B2;ATP1B1;SRI;ATP8B3;CALM2;ATP8B1;CAMK2G;ATP8A2;ATP9A;ATP2B1;ATP2C2;FXYD6;FXYD3,Homo sapiens: Ion transport by P-type ATPases
R-HSA-3560783,9,20,9.732663268859463e-4,SDC1;BCAN;GPC6;HSPG2;VCAN;CSPG4;SDC2;SDC4;GPC1,"Homo sapiens: Defective B4GALT7 causes EDS, progeroid type"
R-HSA-3560801,9,20,9.732663268859463e-4,GPC6;SDC1;BCAN;CSPG4;GPC1;HSPG2;SDC2;SDC4;VCAN,Homo sapiens: Defective B3GAT3 causes JDSSDHD
R-HSA-4420332,9,20,9.732663268859463e-4,CSPG4;SDC4;GPC6;VCAN;BCAN;SDC2;GPC1;HSPG2;SDC1,Homo sapiens: Defective B3GALT6 causes EDSP2 and SEMDJL1
R-HSA-193704,26,97,0.0010050785176190893,ARHGEF3;ARHGEF10L;VAV2;ARHGEF15;APH1A;IKBKB;ABR;PREX1;HDAC1;ARHGEF26;FGD3;FGD2;KALRN;PLEKHG5;ARHGEF38;ITSN1;ARHGEF18;MCF2L;ARHGEF4;VAV3;TIAM1;FGD1;ARHGEF39;ARHGEF10;TRIO;MAG,Homo sapiens: p75 NTR receptor-mediated signalling
R-HSA-162582,447,2713,0.001067226370989248,MAPKAP1;PELP1;SRGAP1;GAB2;USF2;CPT1A;TNS3;HSPB1;ZDHHC7;CAMK2G;CNGB1;GSK3B;MTA1;COL24A1;STAG1;NCAM1;PTK2;THBS4;MYLK;PDE2A;EREG;RGS9;AXIN2;PTPRS;JUNB;RGS12;RGS6;DGKD;LPAR3;NFATC1;KALRN;SDC1;VAV3;ARAP1;PIP4K2A;PDE6A;GPR37L1;MRTFA;MYO9B;AMOTL2;STARD8;TNFRSF10D;TMED2;ADAM10;LRP5;AREG;TUBA1C;NRP2;VAV2;RAPGEF3;AKT2;ARHGEF4;FOXA1;CBX4;HDAC1;PTPN1;NTSR2;RARG;WWC1;VEGFB;ARHGAP26;MAPKAPK2;ARHGEF39;MTA3;IKBKG;ERBB2;KLC1;C5AR2;DAAM1;GPC1;HDAC11;ARHGEF10L;ITPR1;CNKSR1;CSK;GLI2;KANK1;STRA6;FGD2;RGS7;MAML3;ADCY9;ESRP2;PBX1;ARHGAP10;B4GALT1;P2RY2;PRKCE;FGF18;TAB1;PTK2B;USP7;PDK4;MECOM;RARA;PRKAR1B;NRP1;SHB;BDKRB2;CDH1;MAPKAPK3;AXIN1;COL4A3;KDM4B;ATP2A3;PTPRU;ESRP1;FOXO1;GPER1;PARD3;SALL4;DLL1;ERBB4;CCR6;GPR161;APOC3;SMAD3;DLG2;ANOS1;COL5A1;IL1RAP;ARHGAP24;PREX1;RXRA;FLT4;SKA1;CAV2;LAMC1;PTPN12;ARHGAP8;FGD1;ITSN1;AGO2;JAK1;LAMC2;BCR;SCTR;ATP6V0A4;PPARD;SYVN1;CAMK2D;GREB1;GABBR2;PAK1;HPN;CX3CL1;CXXC5;PDE8A;EPS15L1;ARHGEF18;OPRM1;FKBP4;ATP6V0D2;CDC14A;WIPF1;LRIG1;NTSR1;CYSLTR2;RGS9BP;DLC1;GNB5;AKT1;SPTBN4;ESR2;NMT1;AR;KSR1;HDAC8;ITGAV;PRKAG2;FRAT2;ECE1;ADORA3;LAMB1;ABR;ITCH;RGS3;IFT122;RASA3;DHRS3;ST3GAL3;GRIN1;LYN;CAV1;PPP2R5E;PXN;CLTB;NTRK3;PRKAR2B;RPS6KB1;TJP1;LPAR1;PIP5K1B;CTNND1;HES5;PDGFB;RUNX1;TGIF2;CTBP2;NPSR1;ELF3;ALDH1A3;HTR4;LFNG;PPP1R12B;ARPC1B;MGLL;RET;GOPC;BDKRB1;RHPN1;GNB1;DUSP2;GNA14;PAK2;RGS22;SDR9C7;LGR4;FYN;CCDC88C;ST3GAL4;CENPP;KDM4C;STARD13;RALGDS;PDE8B;ESR1;NTRK2;PRKCH;WWP2;GNGT1;EVL;FOS;LGR5;RDH5;PTCH1;HIF1A;FPR3;INSR;KLB;RASAL1;SMPD3;PRKCA;CRKL;WWOX;FOXO3;RHOD;IL6R;FGD3;CALM2;IFT140;RHO;SDC4;ARHGAP29;LIMK1;STK3;HEBP1;LEP;RHOU;HES1;S100A9;FGFR3;CDK5;TIAM1;CCR3;REEP1;NEDD4L;DNM2;GNG7;FLT3;MYB;LGR6;COL27A1;FFAR2;FGFR2;AKR1C3;BCAR1;TJP2;NUDC;NPW;ATF1;GIPR;SRGAP3;PPP5C;RGS1;COL9A2;TRH;AGT;LAMA3;APH1A;GNAO1;AP2A2;PLEKHG5;BAIAP2;ADAM12;RGS8;FURIN;ATP6V1C2;ARAP2;ARRB1;CD55;USP2;MAG;PGR;NR5A2;SOX9;RNF43;ARHGAP35;RASA4;MCF2L;NMUR1;ARHGEF15;GFRA1;STAT6;SH3GL1;RPS6KA1;CYP26C1;DNER;RCOR1;GIP;ITGA2;ADGRE3;YWHAZ;SMARCA4;GNAL;CYP26A1;ARRB2;AMOTL1;ETV4;CTSD;SPTBN1;MYH9;STAT1;TRIO;F11R;BCO1;STAT3;PDE7B;DOCK1;MAP2K2;SPTBN2;FGF19;ARHGEF3;RGS16;ARHGEF10;NEDD4;SPOPL;TLE3;CHN2;ARHGEF26;HSPG2;NOTCH2;RUVBL1;RHPN2;ITPR2;PMEPA1;DAGLA;CCR7;SDC2;EDN1;TRPC7;RHOH;RPS6KA2;RAPGEF1;GPNMB;TRRAP;SMAD6;FRS3;TCF7L1;TLE1;PTPRJ;SCUBE2;RHOBTB1;GNG4;ATP6V1D;DNM3;GRM7;MDM2;NRIP1;SMURF2;NRG3;ABHD12;SOX13;FLT1;HDAC4;LATS1;PPARG;IQGAP1;NCOR2;TFF1;PRKCZ;LRP2;HNRNPM;WWP1;BCL9L;SPRED2;RPTOR;GNA12;IGF1R;PGF;DNAJB1;BAMBI;GPR39;DUSP16;PLCB4;PTPN6;NCOR1;OS9;TACR2;CALCR;ABCA4;GPC6;CCND1;DAB2IP;PRKCD;TERT;SKA2;SPPL2A;PRKAA1;ACKR3;TAX1BP1;RPS6KB2;PPEF1;RUNX3;RAP1A;GRB10;GAS8;PCSK6;NOXO1;FST;S1PR5;NEURL1;WNT2B;HECW1;CARM1;TFF3;IKBKB;BCL2;ARHGEF38;ADCY5;ADORA1;PDE4D;KSR2;WNT5B;SKIL;COL4A2;EEF2K,Homo sapiens: Signal Transduction
R-HSA-2187338,27,103,0.001171399066327034,LRP2;PDE6A;GNB5;CNGB1;SDC1;PRKCA;DHRS3;PPEF1;STRA6;APOC3;SDC2;NMT1;BCO1;CALM2;RGS9;GNGT1;SDC4;AKR1C3;ABCA4;SDR9C7;RGS9BP;GPC6;GNB1;GPC1;HSPG2;RDH5;RHO,Homo sapiens: Visual phototransduction
R-HSA-6802957,23,83,0.001176152017118259,IQGAP1;DAB2IP;CAMK2D;KIAA1549;RASAL1;CAMK2G;FXR1;LMNA;ARRB2;MPRIP;CSK;KSR2;RASA4;SPRED2;RASA3;CNKSR1;ARRB1;CALM2;MAP2K2;AP3B1;KSR1;RAP1A;ESRP1,Homo sapiens: Oncogenic MAPK signaling
R-HSA-8978868,41,177,0.001193173691623667,PPARD;RXRA;NUDT19;PTGES;SLC25A1;ACACA;ACSF2;PTGIS;ACOX3;ACSBG1;DPEP2;FADS2;ELOVL2;ECHS1;EHHADH;FADS1;CYP4F2;CYP8B1;MAPKAPK2;CPT1A;ALOX5AP;ACSF3;PRKAG2;ACBD5;AKR1C3;SLC22A5;SCD;ACAD10;ELOVL5;MCEE;SLC27A2;ACACB;ACOXL;PTGS1;ALDH3A2;ACOX2;HAO2;CRAT;ABCC1;ACSL3;ACOX1,Homo sapiens: Fatty acid metabolism
R-HSA-1638091,17,55,0.001362343941855382,HS3ST3B1;SDC4;HS3ST5;GPC6;GPC1;HSPG2;HS6ST1;EXT1;SDC1;HPSE2;XYLT1;SDC2;HS3ST6;CSPG4;BCAN;VCAN;GUSB,Homo sapiens: Heparan sulfate/heparin (HS-GAG) metabolism
R-HSA-1483257,47,212,0.0014796923413837703,CDS1;PLAAT2;PLA2G4C;SLC44A1;PLA2G3;PNPLA7;PLEKHA6;OSBPL10;PIP4K2A;SYNJ2;GDPD5;INPP4B;CHPT1;SELENOI;LIPH;PGS1;INPP5J;INPP5D;GPD2;PIP5K1B;PIK3C2G;VAC14;LPCAT1;MBOAT1;PLA2G10;MGLL;PTDSS2;PIK3C2B;INPP4A;GDPD3;PLAAT3;DGAT2;PLA2G6;TNFAIP8;GPAT3;MTMR7;LCLAT1;CPNE7;MTMR12;AGPAT3;TNFAIP8L3;ETNK2;PITPNM2;LPIN1;GPD1L;SBF2;STARD10,Homo sapiens: Phospholipid metabolism
R-HSA-390918,11,29,0.0015163018110248673,ACOX3;ACOX1;EHHADH;ACBD5;ACOX2;NUDT19;ALDH3A2;ACOXL;SLC27A2;HAO2;CRAT,Homo sapiens: Peroxisomal lipid metabolism
R-HSA-5653656,125,673,0.0015416390109715664,COG5;SPTBN2;KIF26B;TXNDC5;ANK1;KIF16B;CLTCL1;LMAN1L;RAB11A;TBC1D14;COG8;AGFG1;SH3GL1;CD36;TPD52;F5;SYT8;DNM3;HBA2;CD55;CSNK1D;KIF3C;SLC2A8;KLC1;ARF4;HIP1R;ANKRD28;TRAPPC9;SCARA5;ANK2;COLEC12;AREG;ARRB1;DENND5B;SPTBN4;ARRB2;YWHAZ;EREG;AKT1;RIN2;PPP6R1;AP1B1;RALGAPA2;BICD2;ANKRD27;TF;DENND1A;TJP1;PLIN3;PRKAG2;DNM2;HIP1;RAB36;DENND3;LRP2;FTH1;PACSIN1;LDLRAP1;F8;AP1S3;VPS4A;SERPINA1;STON2;TMED2;SCARB1;SNAP29;KIF26A;CUX1;CHMP4B;AKT2;CAPZB;TBC1D10A;EXOC2;MYH9;SEC22C;SBF2;MAP1LC3B;GALNT2;VTI1A;CALM2;RAB30;RABEP1;SCOC;VPS37B;TBC1D16;RHOBTB3;MVB12B;AP3B1;GAPVD1;SYT1;FCHO1;ARFGAP3;SPTBN1;AGPAT3;TBC1D1;CD59;FOLR1;EXOC6;AMBP;CLTB;TUBA1C;MAN1C1;SYNJ2;KIFAP3;BICD1;PLA2G6;KIF13B;REPS2;TBC1D4;GGA2;MYO5A;AP2A2;COL4A2;ITSN1;RAB31;TPD52L1;VPS37C;SEC16A;SEC24D;TBC1D2;MCFD2;AP3S1;VPS51;CNIH3;EPS15L1,Homo sapiens: Vesicle-mediated transport
R-HSA-381676,14,42,0.0015812921221814748,PRKAR2B;RAPGEF3;PRKAR1B;ITPR1;ADCY5;GNG4;ITPR2;GNB5;IQGAP1;RAP1A;GNGT1;GNB1;KCNC2;GNG7,Homo sapiens: Glucagon-like Peptide-1 (GLP1) regulates insulin secretion
R-HSA-3928662,14,42,0.0015812921221814748,KALRN;PAK1;FYN;PTK2;EPHB4;LIMK1;ARPC1B;EPHB3;TIAM1;LYN;SDC2;GRIN1;ITSN1;ARHGEF28,Homo sapiens: EPHB-mediated forward signaling
R-HSA-422475,105,553,0.0016838665970588332,PTPRC;LAMC1;ITGA2;ADAM10;SRGAP1;COL5A1;EPHB3;CACNA1C;KALRN;NCAM1;TUBA1C;CDK5;SPTBN2;PAK2;LYN;CLTCL1;UNC5A;NTN1;AGAP2;COL4A3;NRP1;DNM3;CLTB;EPHA2;SPTBN4;PLXNA2;SDC2;RPS3;EVL;MYH9;MYO10;UNC5B;VAV3;SCN1B;NRP2;PRKCA;CACNA1H;TIAM1;ARHGAP35;TRPC7;NTN4;VAV2;EPHA1;SPTBN1;SLIT3;RDX;AP2A2;GRIN1;ERBB2;PABPC1;CACNA1I;GAB2;EPHA6;LAMB1;ITGA9;ANK1;SRGAP3;TRIO;DSCAM;MAP2K2;SIAH1;SEMA4D;GPC1;UNC5C;ROBO2;ABLIM2;ARPC1B;RAP1GAP;ITGAV;DNM2;CAP2;ITSN1;SIAH2;RET;ABLIM1;RPS6KA6;NFASC;EFNA5;MYO9B;CRMP1;DOCK1;COL4A2;EFNA1;EPHB4;PAK4;CACNA1S;ARHGEF28;RPS6KA1;GRB10;ROBO1;LIMK1;ANK2;FYN;PAK1;CACNA1D;GSK3B;APH1A;PTK2;LHX4;RPS6KA2;COL9A2;PLXNA4;GFRA1;NRCAM;EZR,Homo sapiens: Axon guidance
R-HSA-6794361,17,56,0.0016972668748748466,GRIN1;NRXN3;SYT1;EPB41L5;STX1A;SYT12;LRRTM4;PDLIM5;DLGAP1;SIPA1L1;HOMER2;NRXN2;SHANK2;DBNL;DLG2;EPB41L1;NRXN1,Homo sapiens: Neurexins and neuroligins
R-HSA-200425,7,14,0.0017137427808215124,SLC22A5;PPARD;ACACA;RXRA;CPT1A;ACACB;PRKAG2,Homo sapiens: Import of palmitoyl-CoA into the mitochondrial matrix
R-HSA-3656237,7,14,0.0017137427808215124,SDC1;SDC4;HSPG2;EXT1;SDC2;GPC1;GPC6,Homo sapiens: Defective EXT2 causes exostoses 2
R-HSA-3656253,7,14,0.0017137427808215124,HSPG2;EXT1;SDC1;SDC2;GPC6;SDC4;GPC1,"Homo sapiens: Defective EXT1 causes exostoses 1, TRPS2 and CHDS"
R-HSA-418885,7,14,0.0017137427808215124,ABLIM2;PTK2;ABLIM1;FYN;DOCK1;NTN1;TRIO,Homo sapiens: DCC mediated attractive signaling
R-HSA-199991,118,634,0.0018945156509174738,TRAPPC9;MAP1LC3B;TBC1D16;PPP6R1;SLC2A8;CD59;EXOC6;KIF26B;F5;SERPINA1;ITSN1;CAPZB;COG5;SYT1;KIFAP3;ANKRD28;KIF26A;TXNDC5;CNIH3;DENND5B;CLTCL1;GALNT2;TF;MYH9;LMAN1L;RABEP1;VPS4A;AKT1;AGFG1;AP3B1;CLTB;RIN2;KIF16B;HIP1R;SH3GL1;RHOBTB3;TPD52;EXOC2;TBC1D14;RAB36;AGPAT3;CSNK1D;F8;SPTBN1;COG8;BICD1;SNAP29;KLC1;TBC1D10A;VPS37B;MVB12B;RALGAPA2;FOLR1;FTH1;GGA2;CALM2;ANK1;ANK2;PRKAG2;DNM3;TPD52L1;KIF13B;GAPVD1;AP2A2;MAN1C1;ARF4;ARFGAP3;FCHO1;STON2;LDLRAP1;MYO5A;DENND3;SYT8;REPS2;KIF3C;SPTBN4;SYNJ2;DNM2;EREG;VPS37C;CUX1;SEC22C;RAB31;TBC1D1;RAB11A;BICD2;TMED2;CD55;VPS51;SBF2;PLA2G6;TJP1;ARRB1;RAB30;TBC1D4;AP3S1;ANKRD27;DENND1A;VTI1A;PLIN3;AREG;CHMP4B;AP1S3;SCOC;TBC1D2;TUBA1C;ARRB2;SPTBN2;AP1B1;SEC16A;AKT2;PACSIN1;EPS15L1;HIP1;SEC24D;YWHAZ;LRP2;MCFD2,Homo sapiens: Membrane Trafficking
R-HSA-192105,12,34,0.0019354418435292553,SLC27A2;RXRA;ABCB11;OSBPL7;PTGIS;OSBPL1A;CYP46A1;AKR1C3;CYP8B1;AKR1C2;ACOX2;OSBPL2,Homo sapiens: Synthesis of bile acids and bile salts
R-HSA-1912420,8,18,0.0020628702740211964,FURIN;LFNG;ST3GAL4;ATP2A3;TMED2;ST3GAL3;B4GALT1;NOTCH2,Homo sapiens: Pre-NOTCH Processing in Golgi
R-HSA-3000157,11,30,0.002085850264441023,LAMA3;LAMB1;COL4A3;LAMC2;ITGB4;LAMC1;HSPG2;ITGAV;COL18A1;ITGA2;COL4A2,Homo sapiens: Laminin interactions
R-HSA-1971475,10,26,0.002186393082969317,VCAN;GPC1;SDC1;GPC6;XYLT1;CSPG4;SDC2;BCAN;HSPG2;SDC4,Homo sapiens: A tetrasaccharide linker sequence is required for GAG synthesis
R-HSA-1980143,20,73,0.0027599290359715772,HIF1A;TLE3;DNER;ITCH;HES1;TLE1;NCOR1;ARRB1;HDAC1;APH1A;HES5;NEURL1;NCOR2;DLL1;MAML3;ADAM10;HDAC4;ARRB2;HDAC8;HDAC11,Homo sapiens: Signaling by NOTCH1
R-HSA-2022928,11,31,0.0028173677547339063,HS3ST3B1;SDC2;GPC6;EXT1;HS3ST5;GPC1;SDC1;SDC4;HSPG2;HS3ST6;HS6ST1,Homo sapiens: HS-GAG biosynthesis
R-HSA-5576891,33,141,0.0028394068870389874,ITPR2;ATP2B1;SCN1B;KCNIP4;SRI;CACNG1;KCND3;CACNA1D;HIPK1;HIPK2;CAMK2G;ATP1B1;KCND2;CACNA2D4;ATP2A3;CASQ2;CACNA1S;KCNK5;GATA4;ATP1A2;CACNA2D2;ITPR1;CACNG6;CALM2;FXYD3;CACNA1C;CACNA2D3;KCNK6;KCNQ1;CAMK2D;KCNK3;TRDN;FXYD6,Homo sapiens: Cardiac conduction
R-HSA-73887,33,141,0.0028394068870389874,HDAC1;FGD2;PREX1;TAB1;ARHGEF18;IKBKG;ARHGEF4;TRIO;SMPD3;KALRN;ARHGEF26;FGD3;USP2;APH1A;VAV2;MCF2L;ARHGEF15;VAV3;TAX1BP1;SPPL2A;IKBKB;ARHGEF38;ARHGEF3;ARHGEF39;PLEKHG5;TNFRSF10D;ITSN1;ABR;ARHGEF10L;ARHGEF10;TIAM1;MAG;FGD1,Homo sapiens: Death Receptor Signalling
R-HSA-8848021,16,54,0.00301465086413781,PXN;DOCK1;CCND1;ERBB2;BCAR1;GPNMB;PTPN1;EREG;PELP1;HIF1A;ARHGAP35;AKT1;ERBB4;ARAP1;NRG3;STAT3,Homo sapiens: Signaling by PTK6
R-HSA-9006927,16,54,0.00301465086413781,AKT1;GPNMB;BCAR1;CCND1;NRG3;STAT3;ARHGAP35;PELP1;ERBB2;EREG;ARAP1;PTPN1;PXN;ERBB4;HIF1A;DOCK1,Homo sapiens: Signaling by Non-Receptor Tyrosine Kinases
R-HSA-1296071,25,99,0.0030214369538606733,GNB1;KCNC2;GABBR2;GNGT1;KCND3;KCNMA1;KCND2;KCNK3;KCNA2;ABCC8;KCNH5;KCNC1;HCN2;GNG7;KCNAB2;KCNJ10;KCNK6;KCNQ1;KCNN4;KCNJ6;GNG4;KCNH7;KCNQ5;KCNAB1;KCNH1,Homo sapiens: Potassium Channels
R-HSA-114508,10,27,0.003029376455238709,PRKCH;DGKD;MGLL;TRPC7;ITPR2;DAGLA;PRKCE;PRKCD;ABHD12;ITPR1,Homo sapiens: Effects of PIP2 hydrolysis
R-HSA-3000170,10,27,0.003029376455238709,ACTN1;ITGAV;ITGB5;ITGB4;ITGA2;PRKCA;SDC2;COL5A1;SDC4;SDC1,Homo sapiens: Syndecan interactions
R-HSA-5663202,76,389,0.0031831834314941937,HDAC1;KIAA1549;BCR;ESR2;MDM2;FGF19;PDGFB;MAML3;AKT1;HDAC11;SMAD3;RDH5;HES1;RNF43;ERBB4;ADAM10;HES5;FGFR2;IQGAP1;KSR1;EREG;LMNA;OS9;FGFR3;ERBB2;AREG;RASAL1;HDAC4;CUX1;FXR1;MAP2K2;CTBP2;AXIN1;ZMYM2;FOXO3;CALM2;FOXO1;RASA4;CAMK2G;SYVN1;STAT1;ESR1;APH1A;MAPKAP1;STRA6;AKT2;ARRB1;CAMK2D;RASA3;ESRP1;MPRIP;GSK3B;ARRB2;RAP1A;LRP5;HDAC8;MYO18A;ABCA4;SPRED2;AP3B1;KLB;GAB2;FYN;CSK;CNKSR1;PPP2R5E;NCOR1;DLL1;RPS6KB2;FGF18;STAT3;DAB2IP;NEURL1;NCOR2;NRG3;KSR2,Homo sapiens: Diseases of signal transduction
R-HSA-2514859,12,36,0.003349003513408602,PDE6A;GNGT1;PPEF1;GNB5;CNGB1;NMT1;GNB1;RGS9BP;PRKCA;CALM2;RGS9;RHO,"Homo sapiens: Inactivation, recovery and regulation of the phototransduction cascade"
R-HSA-1643685,186,1072,0.0036730755022245302,ERBB4;CAMK2G;MUC5B;ABCB11;SLC20A2;EREG;POMT2;MNAT1;GALNS;MAPKAP1;AXIN1;CAMK2D;KPNB1;SLC2A9;ADAM10;CHSY1;IDH1;APH1A;RASAL1;B4GALT1;VPS37B;CDC25B;HDAC8;CSPG4;KSR1;FGF18;SBSPON;ADAMTS18;RDH5;SH3GL1;EXT1;MPRIP;SYT1;LRP5;HDAC11;NTHL1;SLC9A9;KPNA3;CSK;CAPNS1;AHCY;PRDX1;SLC35A1;ADAMTS13;CAPN2;ELL;SYVN1;ACACA;AKT1;SMAD3;VPS4A;SLC22A5;SLC1A3;GSK3B;DLL1;FOXO1;BCR;LTF;GAB2;PDCD6IP;SLC29A3;PDGFB;HES5;HK1;KIAA1549;PAPSS2;GPC1;MAML3;NUP42;ERBB2;ABCA1;RCC1;IKBKG;ADAMTS16;SPON1;MUTYH;NELFA;KLB;AREG;STAT1;ESR2;LFNG;AKT2;MAOA;SLC2A1;STRA6;ANTXR1;CD36;MVB12B;MYO18A;SLC5A5;CYP26C1;CD9;CTBP2;GCK;CUX1;AP3B1;FXR1;ESRP1;XRCC5;TRAF3;NEDD4L;ZMYM2;RNF43;CALM2;AP2A2;MAT1A;IQGAP1;HDAC1;ADAMTS17;RASA4;FURIN;MAP2K2;TAF3;RPS3;THSD4;VCAN;NMT1;BCAN;ADAMTS12;NOTCH2;GUSB;FYN;BTD;PPP2R5E;MDM2;MUC5AC;ABCC2;GPC6;PAK2;LMNA;HSPG2;STAT3;TAF2;HEXA;SLC12A3;SDC4;ARRB1;STX1A;LARGE1;CUBN;FGFR3;ABCC8;FGFR2;CNKSR1;ESR1;VPS37C;NCOR2;CDK5;ABCA4;RASA3;SLC3A2;CTNND1;XRCC4;SLC36A2;SEMA5B;RPS6KB2;CHMP4B;FGF19;SLC24A4;SDC1;TXNRD1;CDH1;HDAC4;RNF185;AP1B1;ST3GAL3;HES1;FOXO3;IKBKB;SLC1A1;OS9;ADAMTSL3;AP1S3;DAB2IP;SDC2;PACS1;NEURL1;KSR2;ARRB2;NCOR1;ABCB4;NRG3;SPRED2;SLC2A10;RAP1A,Homo sapiens: Disease
R-HSA-8875878,13,41,0.0037746036174897634,RAP1A;LAMA3;COL24A1;COL27A1;PTK2;RAPGEF1;LAMB1;ITGA2;LAMC1;CRKL;TNS3;COL5A1;LAMC2,Homo sapiens: MET promotes cell motility
R-HSA-6802949,17,60,0.003805907775937217,SPRED2;IQGAP1;CNKSR1;CSK;RASAL1;KSR1;DAB2IP;RASA3;KSR2;RAP1A;ARRB2;ARRB1;CAMK2G;RASA4;MAP2K2;CAMK2D;CALM2,Homo sapiens: Signaling by RAS mutants
R-HSA-1855204,10,28,0.004112082144504084,INPP5D;PLCE1;ITPK1;ITPKA;INPP5J;PLCB4;PLCD3;ITPKB;CALM2;PLCD1,Homo sapiens: Synthesis of IP3 and IP4 in the cytosol
R-HSA-2514856,12,37,0.004316854482245095,PDE6A;PRKCA;PPEF1;RGS9BP;NMT1;RHO;CNGB1;GNB5;GNB1;GNGT1;CALM2;RGS9,Homo sapiens: The phototransduction cascade
R-HSA-399954,7,16,0.004389032011768344,PLXNA2;NRP1;LIMK1;PAK2;PLXNA4;FYN;PAK1,Homo sapiens: Sema3A PAK dependent Axon repulsion
R-HSA-399956,7,16,0.004389032011768344,CDK5;NRP1;PLXNA2;GSK3B;CRMP1;PLXNA4;FYN,Homo sapiens: CRMPs in Sema3A signaling
R-HSA-9634638,9,24,0.004408463549843379,FOXO3;AREG;EREG;PTK2;FOS;BCL2;CCND1;AKT2;AKT1,Homo sapiens: Estrogen-dependent nuclear events downstream of ESR-membrane signaling
R-HSA-2022870,8,20,0.004546290532524726,CHST11;CSGALNACT1;CHST15;CHSY1;VCAN;CSPG4;BCAN;CHST12,Homo sapiens: Chondroitin sulfate biosynthesis
R-HSA-388844,8,20,0.004546290532524726,PPFIBP2;PPFIA4;IL1RAP;PPFIBP1;PTPRS;IL1RAPL2;PTPRF;NTRK3,Homo sapiens: Receptor-type tyrosine-protein phosphatases
R-HSA-5694530,11,33,0.004893590652892952,MCFD2;TMED2;F5;CD59;AREG;SEC24D;LMAN1L;F8;SERPINA1;CNIH3;FOLR1,Homo sapiens: Cargo concentration in the ER
R-HSA-373760,28,119,0.005216145949506308,AP2A2;SPTBN1;LAMB1;LAMC1;NCAM1;ANK1;PAK1;ITGA9;ITGA2;SPTBN2;DNM3;TUBA1C;EZR;SPTBN4;RPS6KA2;ANK2;MAP2K2;RPS6KA1;SCN1B;NRP1;NFASC;NRP2;VAV2;RDX;NRCAM;RPS6KA6;DNM2;ITGAV,Homo sapiens: L1CAM interactions
R-HSA-420029,10,29,0.005478282320019476,F11R;CLDN14;CLDN22;CLDN18;CLDN9;PARD3;CLDN4;MPP5;CLDN2;CLDN6,Homo sapiens: Tight junction interactions
R-HSA-5218920,10,29,0.005478282320019476,CAV1;PAK2;VAV2;AKT1;CTNND1;VAV3;MAPKAP1;PAK1;AKT2;CALM2,Homo sapiens: VEGFR2 mediated vascular permeability
R-HSA-6802952,18,67,0.005479732156244162,MAP2K2;FXR1;CAMK2D;ESRP1;LMNA;MPRIP;KSR1;CSK;ARRB1;CALM2;ARRB2;IQGAP1;KIAA1549;AP3B1;CAMK2G;KSR2;CNKSR1;RAP1A,Homo sapiens: Signaling by BRAF and RAF fusions
R-HSA-194068,13,43,0.005936442931965322,OSBPL7;AKR1C2;ACOX2;OSBPL1A;OSBPL2;ABCB11;ABCC3;SLC27A2;CYP46A1;PTGIS;RXRA;AKR1C3;CYP8B1,Homo sapiens: Bile acid and bile salt metabolism
R-HSA-189200,8,21,0.006428977667668099,SLC2A10;SLC2A1;SLC50A1;SLC2A9;SLC2A12;SLC2A3;SLC2A8;SLC45A3,Homo sapiens: Cellular hexose transport
R-HSA-8939211,46,223,0.006935585212272582,ERBB4;CCND1;ESR2;FOXA1;MYB;AXIN1;RUNX1;EREG;STAG1;PTK2;PRKCZ;CALM2;IGF1R;CXXC5;AGO2;PGR;FOXO3;TFF3;BCL2;TFF1;CAV2;FKBP4;AKT2;GREB1;GNG4;GNGT1;ESR1;KANK1;CARM1;GNB1;TLE3;PPP5C;NRIP1;CTSD;USF2;NR5A2;AREG;AKT1;GNG7;CAV1;HDAC1;ZDHHC7;KDM4B;GNB5;HSPB1;FOS,Homo sapiens: ESR-mediated signaling
R-HSA-418360,10,30,0.007174498347808688,SRI;P2RX7;ITPR1;P2RX2;ATP2B1;ATP2A3;ITPR2;CALM2;P2RX4;TRPC7,Homo sapiens: Platelet calcium homeostasis
R-HSA-445355,12,40,0.00861241613132359,PAK1;LMOD1;ITGB5;ANXA6;DYSF;TPM4;PXN;PAK2;MYLK;TPM3;CALM2;ANXA2,Homo sapiens: Smooth Muscle Contraction
R-HSA-1250196,8,22,0.008847022295456993,EREG;PRKCE;PTPN12;ERBB4;NRG3;PRKCA;PRKCD;ERBB2,Homo sapiens: SHC1 events in ERBB2 signaling
R-HSA-2024096,8,22,0.008847022295456993,HPSE2;SDC2;GPC6;SDC1;GUSB;HSPG2;GPC1;SDC4,Homo sapiens: HS-GAG degradation
R-HSA-111885,22,91,0.008895810516616285,CALM2;ITPR1;PRKAR1B;PRKCA;GNAL;GNGT1;GNG4;PDE4D;ADCY9;PRKCD;PRKAR2B;PLCB4;OPRM1;CAMK2D;ADCY5;ITPR2;GNB1;CDK5;GNAO1;GNG7;GNB5;CAMK2G,Homo sapiens: Opioid Signalling
R-HSA-9614085,17,65,0.009072848241824794,GCK;PLXNA4;RBL2;DDIT3;FBXO32;HDAC1;FOXO3;CAV1;AKT1;CAT;TXN;SMAD3;FOXO1;YWHAZ;SREBF1;BTG1;AKT2,Homo sapiens: FOXO-mediated transcription
R-HSA-196807,10,31,0.00924932243974908,NADSYN1;NMNAT2;PARP9;PARP4;CYP8B1;RNLS;NADK;PTGIS;NMNAT1;NNMT,Homo sapiens: Nicotinate metabolism
R-HSA-1855183,6,14,0.009380658958914347,INPP5J;INPP4B;INPP5A;IMPA2;INPP4A;MTMR7,"Homo sapiens: Synthesis of IP2, IP, and Ins in the cytosol"
R-HSA-193775,6,14,0.009380658958914347,CYP46A1;AKR1C3;PTGIS;CYP8B1;AKR1C2;SLC27A2,Homo sapiens: Synthesis of bile acids and bile salts via 24-hydroxycholesterol
R-HSA-6804759,6,14,0.009380658958914347,BANP;AKT2;TP63;TP73;AKT1;ZNF385A,Homo sapiens: Regulation of TP53 Activity through Association with Co-factors
R-HSA-1839117,7,18,0.00939567300540774,GAB2;CUX1;STAT1;ZMYM2;STAT3;MYO18A;BCR,Homo sapiens: Signaling by cytosolic FGFR1 fusion mutants
R-HSA-6785807,25,108,0.009855312225706448,MAOA;STAT3;OPRM1;CD36;JAK1;AKT1;RHOU;BCL2L1;F13A1;HIF1A;NOS2;IL6R;STAT6;BATF;ITGB2;RORC;FOXO1;STAT1;FOXO3;JUNB;FOS;BCL2;CCND1;RORA;IL4R,Homo sapiens: Interleukin-4 and Interleukin-13 signaling
R-HSA-3000178,19,76,0.010009978216764037,TGFB2;LAMB1;BCAN;ITGB5;ITGA2;NCAM1;LAMC1;HSPG2;VCAN;PTPRS;COL4A3;TNR;COL5A1;ITGA9;ITGB6;LAMA3;COL9A2;ITGAV;COL4A2,Homo sapiens: ECM proteoglycans
R-HSA-5576893,9,27,0.010560720299330544,CACNA2D2;CACNG6;CACNA1S;KCNQ1;CACNA1C;CACNA1D;CACNG1;CACNA2D3;CACNA2D4,Homo sapiens: Phase 2 - plateau phase
R-HSA-451326,10,32,0.011752650634467688,GNB5;GNG4;GRIK2;CALM2;GRIK4;GRIK5;GRIK3;GNG7;GNGT1;GNB1,Homo sapiens: Activation of kainate receptors upon glutamate binding
R-HSA-3781865,31,143,0.011796132350870406,SDC1;POMT2;SDC4;MUC5AC;EXT1;BCAN;HEXA;MUC5B;THSD4;CSPG4;HSPG2;GPC1;CHSY1;VCAN;SDC2;NOTCH2;SEMA5B;ADAMTS13;ADAMTS17;ADAMTSL3;ST3GAL3;SBSPON;LFNG;B4GALT1;ADAMTS18;SPON1;PAPSS2;GPC6;LARGE1;ADAMTS16;ADAMTS12,Homo sapiens: Diseases of glycosylation
R-HSA-2173795,8,23,0.011883638937043473,SKIL;HDAC1;SMAD3;NCOR2;SMURF2;NCOR1;TGIF2;NEDD4L,Homo sapiens: Downregulation of SMAD2/3:SMAD4 transcriptional activity
R-HSA-8986944,16,62,0.01270671814057899,NCOR2;OPRM1;PPARG;CAMK2D;CAMK2G;AGO2;HIPK2;HTT;GAMT;SLC2A3;DLL1;HDAC1;PTPN1;GPRIN1;NCOR1;CALM2,Homo sapiens: Transcriptional Regulation by MECP2
R-HSA-1489509,12,42,0.012956852531919354,PRKCD;ITPR2;PRKCE;PRKCA;ADCY9;PRKAR1B;CAMK2G;ITPR1;ADCY5;PRKAR2B;CAMK2D;CALM2,Homo sapiens: DAG and IP3 signaling
R-HSA-2485179,5,11,0.01331464717679503,PDE6A;GNGT1;GNB1;CNGB1;RHO,Homo sapiens: Activation of the phototransduction cascade
R-HSA-351906,5,11,0.01331464717679503,CDH1;DSP;TJP1;PKP1;TJP2,Homo sapiens: Apoptotic cleavage of cell adhesion  proteins
R-HSA-446107,5,11,0.01331464717679503,ITGB4;PLEC;LAMA3;LAMC2;DST,Homo sapiens: Type I hemidesmosome assembly
R-HSA-9614399,5,11,0.01331464717679503,FOXO3;YWHAZ;AKT1;FOXO1;AKT2,Homo sapiens: Regulation of localization of FOXO transcription factors
R-HSA-400042,9,28,0.013615338372669435,GNGT1;GNB1;GNG7;ADCY5;GNG4;GNB5;CACNA2D2;CACNA1C;CACNA1D,"Homo sapiens: Adrenaline,noradrenaline inhibits insulin secretion"
R-HSA-948021,38,185,0.013988741879046748,CD55;TMED2;SEC22C;ANK1;MGAT3;AREG;F8;CD59;B4GALT1;TUBA1C;SEC16A;TRAPPC9;MCFD2;CHST8;F5;FUT8;COG8;CSNK1D;ANKRD28;ST8SIA6;FOLR1;ANK2;SPTBN1;ST3GAL4;COG5;MANEA;B4GALT6;MAN1C1;SPTBN2;CAPZB;ARFGAP3;SEC24D;ARF4;CNIH3;SPTBN4;LMAN1L;PPP6R1;SERPINA1,Homo sapiens: Transport to the Golgi and subsequent modification
R-HSA-204005,17,68,0.014331470887266886,ANKRD28;CD59;CNIH3;MCFD2;PPP6R1;F8;TMED2;F5;LMAN1L;SEC16A;CSNK1D;AREG;SERPINA1;SEC24D;TRAPPC9;FOLR1;SEC22C,Homo sapiens: COPII-mediated vesicle transport
R-HSA-418990,10,33,0.014734850626456717,NECTIN4;CDH12;CADM1;CDH18;CADM2;CTNND1;CDH17;NECTIN2;CDH1;CDH4,Homo sapiens: Adherens junctions interactions
R-HSA-375165,16,63,0.014812908340776863,CACNA1C;GFRA1;COL5A1;NCAM1;SPTBN4;SPTBN1;CACNA1H;FYN;COL4A3;SPTBN2;CACNA1S;COL4A2;COL9A2;PTK2;CACNA1D;CACNA1I,Homo sapiens: NCAM signaling for neurite out-growth
R-HSA-6806834,19,79,0.015146109255514373,LAMC1;LAMB1;COL24A1;STAT3;COL5A1;PTPRJ;ITGA2;PTK2;PTPN1;RAPGEF1;LAMA3;TNS3;LAMC2;HPN;COL27A1;CRKL;RAP1A;SH3GL1;LRIG1,Homo sapiens: Signaling by MET
R-HSA-193368,8,24,0.0156212266306435,AKR1C2;CYP8B1;AKR1C3;RXRA;PTGIS;ACOX2;SLC27A2;ABCB11,Homo sapiens: Synthesis of bile acids and bile salts via 7alpha-hydroxycholesterol
R-HSA-977068,8,24,0.0156212266306435,ST3GAL3;MUC5AC;ST6GALNAC4;ST6GALNAC2;MUC5B;ST3GAL1;ST3GAL4;ST3GAL2,Homo sapiens: Termination of O-glycan biosynthesis
R-HSA-1296072,12,43,0.01567443044157896,KCNAB2;KCNAB1;KCNH1;KCND2;KCND3;KCNH5;KCNA2;KCNC1;KCNQ1;KCNH7;KCNQ5;KCNC2,Homo sapiens: Voltage gated Potassium channels
R-HSA-5362517,12,43,0.01567443044157896,PPARD;AKR1C3;RARA;RDH5;DHRS3;CYP26A1;CYP26C1;ALDH1A3;PDK4;CPT1A;RXRA;RARG,Homo sapiens: Signaling by Retinoic Acid
R-HSA-1483206,28,129,0.015801746953584904,MBOAT1;CHPT1;CDS1;PLA2G3;MGLL;PTDSS2;LIPH;PLA2G4C;LCLAT1;OSBPL10;ETNK2;PITPNM2;STARD10;AGPAT3;DGAT2;PLA2G10;PGS1;GPD2;PLAAT3;LPCAT1;PLA2G6;CPNE7;LPIN1;GPD1L;SELENOI;SLC44A1;PLAAT2;GPAT3,Homo sapiens: Glycerophospholipid biosynthesis
R-HSA-5683057,56,294,0.016381215210914325,NRG3;SPRED2;ERBB4;DNAJB1;PAK2;EREG;KSR2;ARRB2;FGFR3;AREG;RAP1A;FGF18;RASA4;RASA3;CNKSR1;ARRB1;CDC14A;FGFR2;MAP2K2;CAMK2D;NCAM1;ERBB2;KALRN;RET;KSR1;SPTBN4;PPP5C;DAB2IP;CALM2;GRIN1;IL6R;SPTBN2;JAK1;PAK1;PDGFB;CAMK2G;FLT3;DLG2;DUSP2;GFRA1;CSK;HSPB1;FRS3;FGF19;ETV4;KLB;IQGAP1;AGO2;PTK2;DUSP16;FOXO1;RASAL1;FYN;PPP2R5E;SPTBN1;FOXO3,Homo sapiens: MAPK family signaling cascades
R-HSA-174824,17,69,0.016532262780953183,CIDEC;LIPC;AP2A2;SCARB1;NR1H3;ABCG1;LMF1;FURIN;APOC3;ABCA1;LDLRAP1;HDLBP;MBTPS1;LSR;CUBN;NCEH1;PCSK6,"Homo sapiens: Plasma lipoprotein assembly, remodeling, and clearance"
R-HSA-9615017,9,29,0.017277013596361867,PLXNA4;CAT;GCK;SREBF1;FBXO32;SMAD3;FOXO3;FOXO1;HDAC1,"Homo sapiens: FOXO-mediated transcription of oxidative stress, metabolic and neuronal genes"
R-HSA-2028269,7,20,0.017641512937725513,AMOTL1;LATS1;STK3;WWC1;AMOTL2;TJP2;TJP1,Homo sapiens: Signaling by Hippo
R-HSA-2029480,20,86,0.018547790160552694,FYN;MYO10;VAV2;PAK1;MYH9;VAV3;WIPF1;PLA2G6;MYO5A;BAIAP2;PTK2;ITPR1;PRKCE;ITPR2;PRKCD;LYN;DOCK1;LIMK1;ARPC1B;MYO9B,Homo sapiens: Fcgamma receptor (FCGR) dependent phagocytosis
R-HSA-196854,38,189,0.01935373109528147,PARP4;NMNAT2;SDC4;PTGIS;PPCDC;BCO1;ABCC1;GPC6;NNMT;SLC19A1;CUBN;PARP9;SLC2A3;RNLS;TPK1;CALM2;SLC19A3;GPHN;SDC2;BTD;ACACA;UBIAD1;HSPG2;SDC1;AKR1C3;ACACB;ENPP1;AOX1;SLC2A1;NMNAT1;NADSYN1;AKT1;NADK;LRP2;GPC1;APOC3;IDH1;CYP8B1,Homo sapiens: Metabolism of vitamins and cofactors
R-HSA-139853,6,16,0.019377919557940833,P2RX2;TRPC7;ITPR1;P2RX7;P2RX4;ITPR2,Homo sapiens: Elevation of cytosolic Ca2+ levels
R-HSA-156588,8,25,0.020139230697211987,UGT1A8;UGT1A7;UGT3A2;UGT1A6;UGT1A10;UGDH;UGT3A1;UGT1A9,Homo sapiens: Glucuronidation
R-HSA-210991,8,25,0.020139230697211987,MAG;CAV1;SLC7A5;SLC7A8;SLC16A3;SLC3A2;BSG;ATP1B1,Homo sapiens: Basigin interactions
R-HSA-5674400,8,25,0.020139230697211987,MDM2;MAPKAP1;AKT2;RPS6KB2;AKT1;FOXO3;GSK3B;FOXO1,Homo sapiens: Constitutive Signaling by AKT1 E17K in Cancer
R-HSA-210990,5,12,0.020158484848614926,ITGAV;FYN;INPP5D;LYN;PTPN6,Homo sapiens: PECAM1 interactions
R-HSA-264870,5,12,0.020158484848614926,DBNL;PLEC;MAPT;GSN;CASP7,Homo sapiens: Caspase-mediated cleavage of cytoskeletal proteins
R-HSA-451306,5,12,0.020158484848614926,CALM2;GRIK3;GRIK2;GRIK4;GRIK5,Homo sapiens: Ionotropic activity of kainate receptors
R-HSA-451308,5,12,0.020158484848614926,CALM2;GRIK4;GRIK3;GRIK5;GRIK2,Homo sapiens: Activation of Ca-permeable Kainate Receptor
R-HSA-4641265,5,12,0.020158484848614926,TLE3;TLE1;CTBP2;HDAC1;TCF7L1,Homo sapiens: Repression of WNT target genes
R-HSA-2672351,24,109,0.02044628531586894,TRPV4;TRPM7;WWP1;SGK3;TRPM5;CASQ2;ANO6;ANO2;SCNN1B;TPCN2;ANO1;ASIC2;ANO7;ASIC3;TRPC7;NEDD4L;SCNN1G;TRDN;WNK2;ANO4;CALM2;SRI;SCNN1A;TSC22D3,Homo sapiens: Stimuli-sensing channels
R-HSA-112040,14,55,0.02134456254010332,ADCY5;PLCB4;GNAO1;ADCY9;PRKCA;CAMK2G;ITPR2;PRKCD;CALM2;PRKAR2B;PRKAR1B;GNAL;ITPR1;CAMK2D,Homo sapiens: G-protein mediated events
R-HSA-8874081,9,30,0.021606662988598955,COL27A1;LAMA3;COL5A1;LAMC1;LAMC2;LAMB1;COL24A1;PTK2;ITGA2,Homo sapiens: MET activates PTK2 signaling
R-HSA-166520,22,99,0.023227185700728126,MAPKAPK3;PTPRS;TIAM1;CRKL;ATF1;AP2A2;RPS6KA2;FRS3;RAPGEF1;NTRK2;RAP1A;DNM3;FYN;RPS6KA1;FURIN;MAPKAPK2;RALGDS;STAT3;NTRK3;CDK5;DNM2;PCSK6,Homo sapiens: Signaling by NTRKs
R-HSA-210745,7,21,0.023247780572754152,HNF4A;NKX2-2;FOXO1;FOXA3;AKT1;AKT2;GCK,Homo sapiens: Regulation of gene expression in beta cells
R-HSA-445144,7,21,0.023247780572754152,PAK1;ITGA9;ITGAV;VAV2;NRP1;MAP2K2;NCAM1,Homo sapiens: Signal transduction by L1
R-HSA-5620916,7,21,0.023247780572754152,EXOC2;RAB11A;CNGB1;RHO;ARF4;RAB11FIP3;EXOC6,Homo sapiens: VxPx cargo-targeting to cilium
R-HSA-901032,7,21,0.023247780572754152,EDEM1;SYVN1;RNF139;AMFR;UGGT2;RNF185;OS9,Homo sapiens: ER Quality Control Compartment (ERQC)
R-HSA-418346,20,88,0.02351137212834935,ITPR2;ITPR1;GNGT1;ATP2A3;NOS2;GNG4;ATP2B1;PTPN6;GNB5;KCNMA1;GNB1;P2RX4;P2RX7;TRPC7;P2RX2;PDE2A;CALM2;SRI;GNG7;PPP2R5E,Homo sapiens: Platelet homeostasis
R-HSA-2022090,15,61,0.023813607936958033,PLEC;COL27A1;LOXL4;LOXL1;COL24A1;COL4A2;LAMC2;COL18A1;PXDN;LAMA3;DST;COL5A1;COL4A3;COL9A2;ITGB4,Homo sapiens: Assembly of collagen fibrils and other multimeric structures
R-HSA-5578775,14,56,0.024798020613702922,CASQ2;ATP1B1;TRDN;ITPR1;CAMK2D;SRI;ATP2B1;ITPR2;CALM2;FXYD3;ATP1A2;CAMK2G;ATP2A3;FXYD6,Homo sapiens: Ion homeostasis
R-HSA-1474228,29,140,0.025925792282064004,CDH1;BSG;CAPN13;ADAM8;ADAMTS16;HSPG2;LAMC2;CAPN11;SPOCK3;COL4A2;BCAN;CTSD;CAPNS1;COL9A2;COL4A3;CAPN8;LAMC1;ADAMTS18;MMP17;LAMB1;COL23A1;COL18A1;COL5A1;ADAM10;LAMA3;FURIN;CAPN2;CAPN9;ELANE,Homo sapiens: Degradation of the extracellular matrix
R-HSA-202131,6,17,0.026378224317495345,AKT1;CAV1;CALM2;DNM2;CYGB;NOSIP,Homo sapiens: Metabolism of nitric oxide: eNOS activation and regulation
R-HSA-9617828,6,17,0.026378224317495345,CAV1;BTG1;FOXO3;FOXO1;RBL2;SMAD3,Homo sapiens: FOXO-mediated transcription of cell cycle genes
R-HSA-5576892,12,46,0.02641641277234965,CACNG1;CACNA1D;SCN1B;CALM2;CACNA1S;CACNA2D2;CACNA1C;CACNA2D3;CAMK2G;CAMK2D;CACNG6;CACNA2D4,Homo sapiens: Phase 0 - rapid depolarisation
R-HSA-418594,73,407,0.026555941397935393,LPAR1;ADCY9;AGT;PRKAR2B;AKR1C3;CX3CL1;HEBP1;FPR3;GPC6;PRKCA;NMUR1;PLCB4;BDKRB1;BDKRB2;HSPG2;RGS7;CDK5;GNAL;ABCA4;PDE4D;RGS16;CNGB1;NMT1;GPR37L1;LPAR3;CCR7;RGS9;GNGT1;GNG4;RDH5;RGS8;BCO1;OPRM1;ADORA3;GNG7;STRA6;SDC2;SDC1;SDC4;GPER1;DHRS3;ADCY5;RGS9BP;RGS22;RGS3;RGS1;GNAO1;ADORA1;APOC3;CALM2;LRP2;GRM7;ITPR1;CAMK2D;CCR6;ACKR3;GNB5;GPC1;PPEF1;CAMK2G;PRKCD;GNB1;ITPR2;PRKAR1B;RGS6;NPW;PDE6A;RHO;S1PR5;GABBR2;CCR3;RGS12;SDR9C7,Homo sapiens: G alpha (i) signalling events
R-HSA-5339562,9,31,0.026661938667673992,ANTXR1;STX1A;SYT1;MAP2K2;CALM2;FURIN;TXNRD1;PDCD6IP;CD9,Homo sapiens: Uptake and actions of bacterial toxins
R-HSA-1483255,19,84,0.028034108768372264,INPP5D;VAC14;INPP5J;MTMR12;INPP4B;GDPD3;PIK3C2B;PNPLA7;PIK3C2G;SYNJ2;INPP4A;PIP4K2A;SBF2;MTMR7;TNFAIP8;GDPD5;PIP5K1B;TNFAIP8L3;PLEKHA6,Homo sapiens: PI Metabolism
R-HSA-2219528,22,101,0.02869246461650789,FOXO1;AKT2;AREG;NRG3;GSK3B;PDGFB;ERBB2;KLB;AKT1;EREG;MDM2;FOXO3;MAPKAP1;RPS6KB2;ERBB4;FGFR3;FGF18;ESR1;ESR2;FYN;FGFR2;FGF19,Homo sapiens: PI3K/AKT Signaling in Cancer
R-HSA-2046104,5,13,0.028948264291666925,ACOX1;FADS2;FADS1;ELOVL2;ELOVL5,Homo sapiens: alpha-linolenic (omega3) and linoleic (omega6) acid metabolism
R-HSA-2046106,5,13,0.028948264291666925,ACOX1;FADS2;ELOVL5;FADS1;ELOVL2,Homo sapiens: alpha-linolenic acid (ALA) metabolism
R-HSA-5210891,5,13,0.028948264291666925,MAP2K2;FURIN;CALM2;ANTXR1;PDCD6IP,Homo sapiens: Uptake and function of anthrax toxins
R-HSA-5607763,5,13,0.028948264291666925,ITPR1;CALM2;NFATC1;NFATC2;ITPR2,Homo sapiens: CLEC7A (Dectin-1) induces NFAT activation
R-HSA-3906995,16,68,0.029641339666577383,SEMA5B;ADAMTS12;LFNG;SBSPON;POMT2;MUC5AC;ADAMTS18;ADAMTS16;ADAMTS17;MUC5B;THSD4;NOTCH2;ADAMTS13;ADAMTSL3;LARGE1;SPON1,Homo sapiens: Diseases associated with O-glycosylation of proteins
R-HSA-446203,56,304,0.02988338339258989,CD59;COG8;F5;SPTBN2;GMDS;ANKRD28;EDEM1;ARFGAP3;SPTBN1;PPP6R1;B4GALT6;TUBA1C;ARF4;FUT8;TRAPPC9;ST3GAL1;SLC35A1;RNF185;CNIH3;SERPINA1;CD55;NGLY1;AREG;ST6GALNAC2;SYVN1;UGGT2;ST3GAL2;SEC22C;SPTBN4;FOLR1;ST3GAL3;F8;TMED2;LMAN1L;ANK2;UMOD;NANS;MANEA;CAPZB;ANK1;CSNK1D;B4GALT1;SEC24D;SEC16A;COG5;ST6GALNAC4;ST8SIA6;MGAT3;OS9;RNF139;AMFR;ST3GAL4;FUOM;MAN1C1;CHST8;MCFD2,Homo sapiens: Asparagine N-linked glycosylation
R-HSA-8862803,7,22,0.029968134435492823,CDK5;CDC25B;FOXO3;PRDX1;LMNA;CAPNS1;CAPN2,Homo sapiens: Deregulated CDK5 triggers multiple neurodegenerative pathways in Alzheimer's disease models
R-HSA-8863678,7,22,0.029968134435492823,PRDX1;CAPNS1;CAPN2;FOXO3;LMNA;CDC25B;CDK5,Homo sapiens: Neurodegenerative Diseases
R-HSA-2122947,12,47,0.030968951820895232,HES1;HIF1A;HDAC8;TLE1;NCOR1;HDAC4;TLE3;NCOR2;HDAC11;HES5;HDAC1;MAML3,Homo sapiens: NOTCH1 Intracellular Domain Regulates Transcription
R-HSA-6802946,12,47,0.030968951820895232,KSR1;IQGAP1;ARRB1;CNKSR1;RAP1A;ARRB2;CAMK2D;CSK;MAP2K2;KSR2;CAMK2G;CALM2,Homo sapiens: Signaling by moderate kinase activity BRAF mutants
R-HSA-6802955,12,47,0.030968951820895232,CAMK2G;CAMK2D;CSK;IQGAP1;KSR1;ARRB1;KSR2;RAP1A;CNKSR1;ARRB2;MAP2K2;CALM2,Homo sapiens: Paradoxical activation of RAF signaling by kinase inactive BRAF
R-HSA-1251985,8,27,0.031807419293738044,EREG;ESR1;PGR;NRG3;WWOX;APH1A;ERBB4;NCOR1,Homo sapiens: Nuclear signaling by ERBB4
R-HSA-419037,11,42,0.03186024527697011,GFRA1;CACNA1C;CACNA1S;CACNA1I;COL4A2;COL4A3;COL5A1;NCAM1;CACNA1D;COL9A2;CACNA1H,Homo sapiens: NCAM1 interactions
R-HSA-5083635,10,37,0.03242716198535268,ADAMTS18;SPON1;THSD4;ADAMTS13;ADAMTS12;SBSPON;SEMA5B;ADAMTSL3;ADAMTS17;ADAMTS16,Homo sapiens: Defective B3GALTL causes Peters-plus syndrome (PpS)
R-HSA-456926,9,32,0.03249600789805893,ARRB2;GNA14;GNA12;GNG7;GNGT1;ARRB1;GNB5;GNG4;GNB1,Homo sapiens: Thrombin signalling through proteinase activated receptors (PARs)
R-HSA-186797,14,58,0.032920651012263775,BCAR1;FURIN;COL9A2;RAPGEF1;COL4A3;COL5A1;STAT1;PDGFB;STAT3;STAT6;PTPN12;COL4A2;CRKL;THBS4,Homo sapiens: Signaling by PDGF
R-HSA-1368082,6,18,0.03486949997353915,RXRA;CPT1A;SREBF1;CARM1;CHD9;RORA,Homo sapiens: RORA activates gene expression
R-HSA-8963889,6,18,0.03486949997353915,LMF1;PCSK6;FURIN;CIDEC;LIPC;MBTPS1,Homo sapiens: Assembly of active LPL and LIPC lipase complexes
R-HSA-71387,54,295,0.035982450245104755,EXT1;HK1;SLC2A1;CHSY1;GPC6;GCK;HS3ST3B1;CEMIP;CHST12;CSPG4;ALDOA;SDC1;ST3GAL3;SLC25A1;GUSB;GPC1;HK2;CALM2;HS3ST5;SDC2;TKT;PYGL;CHST11;HS6ST1;ST3GAL2;B4GALT6;AKR1B1;GALNS;HEXA;HS3ST6;PKM;ABCC5;VCAN;PAPSS2;XYLT1;SLC37A1;BCAN;HSPG2;CHST15;B3GALT5;SLC25A13;ST3GAL1;NUP42;ST3GAL4;HPSE2;CSGALNACT1;FUT5;G6PD;RPEL1;B4GALT1;UST;B3GNT3;SDC4;SLC9A1,Homo sapiens: Metabolism of carbohydrates
R-HSA-418597,12,48,0.03605810058277032,RGS16;PRKCH;PRKCA;PRKCE;GNGT1;GNG4;ADCY5;ADCY9;GNB5;GNB1;PRKCD;GNG7,Homo sapiens: G alpha (z) signalling events
R-HSA-8957322,30,150,0.036666272550751666,SCD;OSBPL1A;OSBPL2;DHCR24;LSS;MBTPS1;SREBF1;LRP2;AKR1C3;ACOX2;ABCB11;CUBN;ACACB;RXRA;KPNB1;PTGIS;ABCC3;CYP46A1;CHD9;TM7SF2;HSD17B14;CYP8B1;OSBPL7;ACACA;CARM1;AKR1C2;PIAS4;AKR1B1;SEC24D;SLC27A2,Homo sapiens: Metabolism of steroids
R-HSA-432040,11,43,0.037424119126635846,AQP3;GNB5;GNG7;PRKAR2B;GNGT1;ADCY9;GNB1;PRKAR1B;ADCY5;RAB11A;GNG4,Homo sapiens: Vasopressin regulates renal water homeostasis via Aquaporins
R-HSA-5173214,10,38,0.038514531911809126,ADAMTS13;ADAMTSL3;SBSPON;ADAMTS16;THSD4;ADAMTS18;SPON1;ADAMTS12;SEMA5B;ADAMTS17,Homo sapiens: O-glycosylation of TSR domain-containing proteins
R-HSA-350054,8,28,0.03908425166216564,HDAC11;HDAC4;NOTCH2;NCOR2;NCOR1;MAML3;HDAC1;HDAC8,Homo sapiens: Notch-HLH transcription pathway
R-HSA-352230,9,33,0.039156441874909784,SLC3A2;SLC7A2;SLC6A6;SLC43A2;SLC38A1;SLC36A2;SLC1A5;SLC7A8;SLC7A5,Homo sapiens: Amino acid transport across the plasma membrane
R-HSA-4085001,9,33,0.039156441874909784,SLC35A1;ST3GAL1;ST3GAL3;NANS;ST6GALNAC2;ST6GALNAC4;ST8SIA6;ST3GAL2;ST3GAL4,Homo sapiens: Sialic acid metabolism
R-HSA-8964043,9,33,0.039156441874909784,SCARB1;NCEH1;CUBN;LDLRAP1;LSR;LIPC;HDLBP;NR1H3;AP2A2,Homo sapiens: Plasma lipoprotein clearance
R-HSA-9022692,9,33,0.039156441874909784,AGO2;CAMK2D;CALM2;HDAC1;HTT;NCOR2;CAMK2G;HIPK2;NCOR1,Homo sapiens: Regulation of MECP2 expression and activity
R-HSA-416476,41,217,0.039574424393196014,RGS1;NPSR1;AGT;RGS3;RGS16;LPAR1;ITPR1;PRKCE;PLCB4;GNA14;TRPC7;DGKD;BDKRB1;PRKCA;KALRN;MGLL;FFAR2;ABHD12;ITPR2;TRIO;RPS6KA1;NMUR1;RPS6KA2;GNG7;TRH;NTSR2;GNGT1;TACR2;PRKCH;GNB5;NTSR1;CYSLTR2;GPR39;EDN1;GNB1;P2RY2;GNG4;BDKRB2;LPAR3;PRKCD;DAGLA,Homo sapiens: G alpha (q) signalling events
R-HSA-112043,13,54,0.03968890503070451,GNAO1;PRKCD;ADCY9;CAMK2G;ITPR2;PRKCA;ADCY5;PRKAR1B;ITPR1;PRKAR2B;CAMK2D;CALM2;PLCB4,Homo sapiens: PLC beta mediated events
R-HSA-71240,5,14,0.0398191561431961,KYAT1;SLC7A5;KYNU;HAAO;SLC3A2,Homo sapiens: Tryptophan catabolism
R-HSA-373755,15,65,0.04032510178922597,NRP1;ARHGAP35;PAK1;CDK5;SEMA4D;PTPRC;CRMP1;GSK3B;LIMK1;MYH9;FYN;PLXNA4;PLXNA2;PAK2;ERBB2,Homo sapiens: Semaphorin interactions
R-HSA-6798695,83,480,0.04204145732808996,IQGAP1;CD59;CALML5;LPCAT1;CANT1;IMPDH1;CD55;ADAM10;CD63;KPNB1;LTF;PTPRC;CDA;XRCC5;CTSH;ADGRE3;TXNDC5;PTPRN2;SERPINA3;GUSB;RAB31;S100P;QSOX1;KCNAB2;ATP6V1D;NBEAL2;ALDOA;PRKCD;ADAM8;TSPAN14;CD58;B4GALT1;GSTP1;OSTF1;CRACR2A;GSN;SLC27A2;GALNS;ABCA13;ARL8A;RAP1A;ATP11A;LAMP1;RNASET2;UNC13D;ELANE;PKP1;SLC2A3;RAB37;FTH1;DSP;PTPRJ;BRI3;CRISPLD2;NFASC;PDAP1;CAND1;CD36;ITGAV;ANXA2;ATP6AP2;TMEM63A;CFD;ANO6;APRT;S100A9;PTPN6;ANPEP;SNAP29;CAT;PKM;SYNGR1;KCMF1;AP2A2;CTSD;PYGL;LRG1;ITGB2;CEACAM6;PLAC8;IDH1;SERPINA1;DBNL,Homo sapiens: Neutrophil degranulation
R-HSA-1855167,4,10,0.043604199696687336,IPPK;NUDT3;IP6K3;ITPK1,Homo sapiens: Synthesis of pyrophosphates in the cytosol
R-HSA-418889,4,10,0.043604199696687336,DAPK2;DAPK1;UNC5A;UNC5B,Homo sapiens: Caspase activation via Dependence Receptors in the absence of ligand
R-HSA-425381,4,10,0.043604199696687336,SLC4A2;AHCYL2;SLC4A5;SLC4A10,Homo sapiens: Bicarbonate transporters
R-HSA-428542,4,10,0.043604199696687336,SLIT3;ROBO1;ROBO2;NTN1,Homo sapiens: Regulation of commissural axon pathfinding by SLIT and ROBO
R-HSA-549127,4,10,0.043604199696687336,RUNX1;SLC22A5;SLC22A15;SLC22A4,Homo sapiens: Organic cation transport
R-HSA-8866904,4,10,0.043604199696687336,TFAP2C;WWOX;KCTD1;TFAP2A,Homo sapiens: Negative regulation of activity of TFAP2 (AP-2) family transcription factors
R-HSA-9020958,4,10,0.043604199696687336,STAT3;IL21R;STAT1;JAK1,Homo sapiens: Interleukin-21 signaling
R-HSA-197264,6,19,0.044936260686293375,NNMT;PARP9;PARP4;CYP8B1;RNLS;PTGIS,Homo sapiens: Nicotinamide salvaging
R-HSA-977444,10,39,0.04534433433667278,GNB1;KCNJ10;GNAL;ADCY5;KCNJ6;GNGT1;GNG4;GABBR2;GNG7;ADCY9,Homo sapiens: GABA B receptor activation
R-HSA-991365,10,39,0.04534433433667278,GNGT1;GNAL;GNB1;ADCY9;GNG7;ADCY5;GNG4;KCNJ6;GABBR2;KCNJ10,Homo sapiens: Activation of GABAB receptors
R-HSA-1638074,9,34,0.046684240751598764,GALNS;B4GALT1;B3GNT3;HEXA;B4GALT6;ST3GAL3;ST3GAL2;ST3GAL4;ST3GAL1,Homo sapiens: Keratan sulfate/keratin metabolism
R-HSA-3371571,7,24,0.04704552016300252,RPTOR;DNAJB1;HSBP1;CAMK2D;CAMK2G;HSF1;FKBP4,Homo sapiens: HSF1-dependent transactivation
R-HSA-450302,7,24,0.04704552016300252,TAB1;MAPKAPK2;IRAK2;MAPKAPK3;NOD2;TMEM189-UBE2V1;IKBKG,Homo sapiens: activated TAK1 mediates p38 MAPK activation
R-HSA-5627123,7,24,0.04704552016300252,MYH9;PAK1;PAK2;LIMK1;MYLK;PPP1R12B;CALM2,Homo sapiens: RHO GTPases activate PAKs
R-HSA-982772,7,24,0.04704552016300252,CISH;PTPN6;LYN;PTPN1;STAT1;PRLR;STAT3,Homo sapiens: Growth hormone receptor signaling
R-HSA-4086398,14,61,0.04847121953196704,NFATC1;PRKCA;ITPR1;PDE6A;AGO2;ITPR2;GNG4;GNGT1;GNG7;GNB1;TCF7L1;GNAO1;CALM2;GNB5,Homo sapiens: Ca2+ pathway
R-HSA-597592,228,1429,0.048992684636978555,SPTBN4;ST3GAL3;HDAC1;PIGZ;TFAP2C;AREG;ART4;ARF4;USP37;FBXL13;FOXK2;ARRB2;MBD6;ST6GALNAC2;CNIH3;F5;LMAN1L;ANK1;GALNT10;GALNT17;NTNG1;CD59;NOD2;SIAH2;NSMCE1;NR5A2;SPTBN2;ADAMTS18;B4GALT6;MUC5AC;ADAMTS17;UMOD;GALNT2;HDAC4;CSNK1D;NTM;AR;TAB1;SEC24D;CALM2;SATB2;OS9;SPON1;ADAMTS13;MAN1C1;GALNT15;ST3GAL2;ANK2;TNIP2;RAB31;FBXL4;AMTN;SDC2;FURIN;ARFGAP3;ASB2;GALNT16;SMURF2;NEGR1;GOLM1;MDM2;TRRAP;EDEM1;ADAM10;LSAMP;UBE2G2;VCAN;NFRKB;NR1H3;FBXO32;BMP4;LAMC1;B3GNT6;MANEA;ARRB1;POMT2;ASB3;ATXN7;RNF181;ST3GAL1;PIGC;QSOX1;ESR1;XRCC4;SEC22C;TRAPPC9;GALNTL6;RUVBL1;PPARG;RNF139;MTA1;TUBA1C;TMEM132A;MRTFA;RAB20;LTBP1;ANKRD28;IKBKG;TF;CAPZB;POMK;GMDS;COG5;USP2;RAB40C;CD55;EVA1A;SYVN1;RARA;RAB36;B4GALT1;MITF;FBXL19;SEMA5B;GALNT18;UBE2H;PUM2;LY6E;SBSPON;PSCA;FOLR1;WSB2;RAB37;USP10;PGR;B3GNT3;TFAP2A;HIF1A;CISH;STS;PIGP;TECTB;ST3GAL4;SEC16A;GALNT14;ADAMTSL3;F8;UBE2E1;NGLY1;RAB3B;RORA;LYPD6B;DTL;NUP42;UGGT2;HIPK2;STC2;F7;SUMF1;THSD4;RNF185;LAMB1;CBX4;DNMT1;ADAMTS12;SPP2;OBSL1;PDIA6;BABAM2;TRAF3;AMFR;RTN4RL1;INO80C;RNF144A;RAB15;RXRA;ST8SIA6;MDGA1;DCAF10;TTLL11;PPP6R1;GALNT7;THRB;MGAT3;MCFD2;AXIN1;CPM;ASB13;RAB30;PIAS4;USP18;FBXW8;GALNT8;XPNPEP2;GALNT5;TULP4;TTLL6;DCAF4;WFS1;CDC34;FUT8;NANS;IGFBP4;MDM4;DCUN1D3;COG8;ADAMTS16;DDB2;RAB17;LARGE1;UBE2T;SMAD3;TRIM25;TMED2;USP7;RAB11A;ARSG;SLC35A1;SPSB1;DNMT3A;SPTBN1;CHST8;FBXL14;AXIN2;CAND1;PRSS23;STAG1;NRIP1;DDA1;KEAP1;FUOM;SERPINA1;ST6GALNAC4;FBXO41;MBTPS1;MDGA2;NCOR2;MUC5B,Homo sapiens: Post-translational protein modification
